Date,Adj Close,Open,High,Low,Close,Volume
2018-08-16,18233.41,18581.98,18625.29,18387.06,18625.29,3182706
2018-08-17,18445.43,18711.92,18841.87,18625.29,18841.87,2142576
2018-08-20,18530.24,18841.87,19188.38,18690.27,18928.5,2205416
2018-08-21,18530.24,18885.18,18971.81,18798.55,18928.5,1979951
2018-08-22,18678.65,18950.15,19188.38,18928.5,19080.1,3312563
2018-08-23,18827.06,19101.76,19275.02,19101.76,19231.7,2319951
2018-08-24,18848.26,19231.7,19275.02,19015.13,19253.36,1453871
2018-08-27,18827.06,19188.38,19275.02,19145.07,19231.7,2098433
2018-08-28,18742.25,19188.38,19253.36,19080.1,19145.07,2100256
2018-08-29,18742.25,19123.41,19231.7,19036.79,19145.07,4600096
2018-08-30,18721.05,19145.07,19145.07,19036.79,19123.41,1459480
2018-08-31,18742.25,19123.41,19448.27,19101.76,19145.07,2371667
2018-09-04,18699.85,19101.76,19361.64,19058.44,19101.76,1464629
2018-09-05,18360.62,19080.1,19145.07,18625.29,18755.24,2201236
2018-09-06,17957.79,18668.61,18755.24,18343.75,18343.75,3570538
2018-09-07,18233.41,18408.72,18625.29,18343.75,18625.29,1174588
2018-09-10,18042.6,18711.92,18711.92,18430.38,18430.38,847933
2018-09-11,18297.02,18430.38,18711.92,18430.38,18690.27,1568242
2018-09-12,18254.62,18841.87,18928.5,18646.95,18646.95,1102395
2018-09-13,18403.03,18928.5,19015.13,18711.92,18798.55,1491802
2018-09-14,18890.67,18885.18,19361.64,18885.18,19296.67,6671319
2018-09-17,18699.85,19275.02,19275.02,19101.76,19101.76,1303967
2018-09-18,18996.67,18928.5,19404.96,18928.5,19404.96,1846160
2018-09-19,19272.29,19491.59,19773.13,19404.96,19686.5,3121481
2018-09-20,19463.11,19513.25,20011.36,19513.25,19881.42,4990132
2018-09-21,19463.11,19946.39,19946.39,19578.22,19881.42,3357912
2018-09-24,19547.92,19881.42,20141.31,19838.11,19968.05,2288345
2018-09-25,19463.11,19924.73,19968.05,19838.11,19881.42,1723502
2018-09-26,19526.71,19924.73,20271.25,19859.76,19946.39,2375500
2018-09-27,19590.32,19946.39,20141.31,19946.39,20011.36,2033464
2018-09-28,19632.72,20141.31,20141.31,20033.02,20054.68,1292377
2018-10-01,19505.51,20054.68,20119.65,19903.08,19924.73,1199960
2018-10-02,19208.69,19859.76,19924.73,19599.88,19621.53,2275577
2018-10-03,19293.5,19621.53,19794.79,19599.88,19708.16,861275
2018-10-04,19441.91,19708.16,19924.73,19664.85,19859.76,1088035
2018-10-05,19335.9,19903.08,19924.73,19729.82,19751.48,1173850
2018-10-08,19081.48,19708.16,19708.16,19491.59,19491.59,1181604
2018-10-09,18954.27,19491.59,19556.56,19361.64,19361.64,1480190
2018-10-10,19208.69,19361.64,19664.85,19361.64,19621.53,1606127
2018-10-11,18106.2,19058.44,19231.7,18322.09,18495.35,5028157
2018-10-12,18572.64,18408.72,19058.44,18062.21,18971.81,3181231
2018-10-15,18233.41,18971.81,19058.44,18625.29,18625.29,1197605
2018-10-16,18339.42,18841.87,18841.87,18495.35,18733.58,1568173
2018-10-17,18487.83,18971.81,19058.44,18841.87,18885.18,1145683
2018-10-18,18487.83,18928.5,19058.44,18798.55,18885.18,1640618
2018-10-19,18233.41,18625.29,18841.87,18581.98,18625.29,2136503
2018-10-22,18297.02,18798.55,18928.5,18668.61,18690.27,991256
2018-10-23,17894.19,18690.27,18690.27,18018.89,18278.78,2656950
2018-10-24,17724.57,18213.81,18430.38,18105.52,18105.52,1298356
2018-10-25,17406.55,17325.86,17888.95,17325.86,17780.66,1749359
2018-10-26,17300.54,17975.58,18083.86,17672.37,17672.37,2123460
2018-10-29,17385.35,17542.43,17953.92,17542.43,17759.0,1113661
2018-10-30,17385.35,17802.32,18105.52,17694.03,17759.0,1044977
2018-10-31,17788.18,18083.86,18192.15,17888.95,18170.49,750644
2018-11-01,17766.98,18213.81,18365.41,18148.83,18148.83,1430830
2018-11-02,18191.01,18343.75,18625.29,18213.81,18581.98,1711635
2018-11-05,18042.6,18452.04,18625.29,18278.78,18430.38,613231
2018-11-06,17872.99,18495.35,18517.01,18235.46,18257.12,1153602
2018-11-07,17745.78,18257.12,18408.72,18040.55,18127.18,1144091
2018-11-08,17872.99,18300.44,18365.41,18170.49,18257.12,812955
2018-11-09,17491.36,18105.52,18235.46,17845.63,17867.29,1466288
2018-11-12,17788.18,17845.63,18170.49,17823.97,18170.49,630524
2018-11-13,17660.97,17845.63,18083.86,17845.63,18040.55,1011271
2018-11-14,17915.39,18148.83,18300.44,18018.89,18300.44,1817280
2018-11-15,17894.19,18192.15,18365.41,18062.21,18278.78,1151547
2018-11-16,18127.4,18408.72,18581.98,18300.44,18517.01,1477349
2018-11-19,18297.02,18625.29,18711.92,18538.67,18690.27,914282
2018-11-20,18403.03,18711.92,18798.55,18560.32,18798.55,1270099
2018-11-21,18403.03,18538.67,18798.55,18495.35,18798.55,2750584
2018-11-22,18403.03,18798.55,18885.18,18733.58,18798.55,746396
2018-11-23,18254.62,18668.61,18820.21,18625.29,18646.95,798940
2018-11-26,18000.2,18646.95,18646.95,18387.06,18387.06,1116178
2018-11-27,18127.4,18581.98,18581.98,18408.72,18517.01,788805
2018-11-28,18148.61,18517.01,18560.32,18430.38,18538.67,591574
2018-11-29,18191.01,18755.24,18841.87,18581.98,18581.98,1208848
2018-11-30,18191.01,18581.98,18603.64,18473.69,18581.98,897567
2018-12-03,19039.08,18711.92,19448.27,18711.92,19448.27,2623498
2018-12-04,19060.28,19448.27,19708.16,19383.3,19469.93,2334472
2018-12-05,18911.87,19253.36,19469.93,19231.7,19318.33,1398784
2018-12-06,18827.06,19275.02,19404.96,19080.1,19231.7,2041152
2018-12-07,19123.88,19318.33,19643.19,19318.33,19534.9,1761919
2018-12-10,18742.25,19404.96,19491.59,19145.07,19145.07,1604512
2018-12-11,18678.65,19188.38,19275.02,19015.13,19080.1,883531
2018-12-12,18848.26,19080.1,19296.67,19080.1,19253.36,3101489
2018-12-13,18911.87,19469.93,19599.88,19275.02,19318.33,1802091
2018-12-14,18721.05,19318.33,19404.96,19101.76,19123.41,1865231
2018-12-17,18233.41,19101.76,19101.76,18625.29,18625.29,1795325
2018-12-18,17809.38,18343.75,18538.67,18127.18,18192.15,2598793
2018-12-19,17851.79,18192.15,18452.04,18127.18,18235.46,1224940
2018-12-20,17830.58,18322.09,18365.41,18213.81,18213.81,1064785
2018-12-21,18021.4,18148.83,18408.72,18148.83,18408.72,1116962
2018-12-24,17809.38,18452.04,18538.67,18192.15,18192.15,629184
2018-12-25,17597.37,17932.26,17975.58,17759.0,17975.58,1908844
2018-12-26,17554.96,17975.58,18127.18,17932.26,17932.26,908673
2018-12-27,17724.57,18235.46,18300.44,18105.52,18105.52,1558037
2018-12-28,17894.19,18213.81,18278.78,18105.52,18278.78,1250542
2019-01-02,17470.15,18105.52,18257.12,17823.97,17845.63,1244654
2019-01-03,17300.54,17953.92,17953.92,17629.06,17672.37,1839097
2019-01-04,17427.75,17585.74,17953.92,17542.43,17802.32,873996
2019-01-07,17724.57,18105.52,18235.46,18018.89,18105.52,943027
2019-01-08,17809.38,18105.52,18192.15,18062.21,18192.15,682582
2019-01-09,17979.0,18235.46,18452.04,18148.83,18365.41,713474
2019-01-10,17872.99,18365.41,18430.38,18257.12,18257.12,1233022
2019-01-11,17894.19,18365.41,18430.38,18213.81,18278.78,1692188
2019-01-14,18021.4,18322.09,18452.04,18192.15,18408.72,919778
2019-01-15,18148.61,18322.09,18538.67,18322.09,18538.67,829925
2019-01-16,18042.6,18625.29,18625.29,18430.38,18430.38,430775
2019-01-17,17809.38,18408.72,18517.01,18192.15,18192.15,922942
2019-01-18,17809.38,18235.46,18408.72,18192.15,18192.15,524415
2019-01-21,18021.4,18278.78,18538.67,18278.78,18408.72,572091
2019-01-22,17957.79,18408.72,18517.01,18343.75,18343.75,326631
2019-01-23,17957.79,18322.09,18365.41,18257.12,18343.75,1187670
2019-01-24,18000.2,18365.41,18452.04,18343.75,18387.06,541313
2019-01-25,17979.0,18365.41,18452.04,18322.09,18365.41,492831
2019-01-28,17851.79,18408.72,18408.72,18235.46,18235.46,499435
2019-01-29,18021.4,18365.41,18408.72,18192.15,18408.72,994072
2019-01-30,18318.22,18408.72,18798.55,18365.41,18711.92,1591280
2019-01-31,18318.22,18755.24,18798.55,18581.98,18711.92,1194186
2019-02-01,18063.8,18711.92,18711.92,17975.58,18452.04,1384954
2019-02-11,18721.05,18625.29,19188.38,18495.35,19123.41,2309677
2019-02-12,18615.04,19058.44,19318.33,19015.13,19015.13,1619703
2019-02-13,18890.67,19058.44,19491.59,19058.44,19296.67,3867903
2019-02-14,18763.46,19339.99,19448.27,19166.73,19166.73,1470585
2019-02-15,18742.25,19166.73,19253.36,19058.44,19145.07,1494249
2019-02-18,18827.06,19275.02,19318.33,19101.76,19231.7,707171
2019-02-19,18827.06,19361.64,19556.56,19188.38,19231.7,3395801
2019-02-20,19017.87,19188.38,19513.25,19188.38,19426.62,1350134
2019-02-21,18996.67,19361.64,19448.27,19188.38,19404.96,1731395
2019-02-22,19166.29,19404.96,19664.85,19231.7,19578.22,2871358
2019-02-25,19293.5,19729.82,20011.36,19686.5,19708.16,15258488
2019-02-26,19166.29,19751.48,19751.48,19491.59,19578.22,1531164
2019-02-27,19123.88,19578.22,19686.5,19448.27,19534.9,1121211
2019-02-28,18742.25,19534.9,19534.9,19145.07,19145.07,3258155
2019-03-01,18911.87,19296.67,19318.33,19123.41,19318.33,1410097
2019-03-04,19081.48,19318.33,19578.22,19318.33,19491.59,1931839
2019-03-05,19039.08,19491.59,19578.22,19404.96,19448.27,1903047
2019-03-06,18911.87,19469.93,19534.9,19253.36,19318.33,1605064
2019-03-07,18975.47,19318.33,19491.59,19318.33,19383.3,864232
2019-03-08,18933.07,19361.64,19404.96,19253.36,19339.99,1600332
2019-03-11,18869.46,19339.99,19426.62,19253.36,19275.02,887732
2019-03-12,19717.53,19383.3,20141.31,19383.3,20141.31,4457773
2019-03-13,19590.32,20141.31,20227.94,20011.36,20011.36,3635927
2019-03-14,19611.52,20011.36,20141.31,19924.73,20033.02,1624113
2019-03-15,19505.51,20033.02,20054.68,19816.45,19924.73,2405280
2019-03-18,19590.32,20054.68,20119.65,19903.08,20011.36,2295017
2019-03-19,19378.3,20011.36,20054.68,19794.79,19794.79,2157973
2019-03-20,19272.29,19751.48,19881.42,19599.88,19686.5,1840643
2019-03-21,19123.88,19838.11,19838.11,19534.9,19534.9,1906375
2019-03-22,19102.68,19534.9,19664.85,19513.25,19513.25,6846288
2019-03-25,18827.06,19145.07,19491.59,19145.07,19231.7,3819691
2019-03-26,18975.47,19491.59,19491.59,19275.02,19383.3,891427
2019-03-27,19081.48,19404.96,19534.9,19404.96,19491.59,1586897
2019-03-28,19145.09,19383.3,19643.19,19383.3,19556.56,1067442
2019-03-29,19293.5,19751.48,19751.48,19621.53,19708.16,1324605
2019-04-01,19420.71,19881.42,19881.42,19708.16,19838.11,1634133
2019-04-02,19505.51,19838.11,20227.94,19838.11,19924.73,3127069
2019-04-03,20014.35,20097.99,20444.51,19924.73,20444.51,2387411
2019-04-04,20268.77,20574.45,20877.66,20466.17,20704.4,4077440
2019-04-05,20268.77,20704.4,20747.71,20552.8,20704.4,3498122
2019-04-08,20268.77,20639.43,20791.03,20552.8,20704.4,1045047
2019-04-09,20056.75,20704.4,21007.6,20487.82,20487.82,2335651
2019-04-10,19887.14,20357.88,20487.82,20249.59,20314.57,1687879
2019-04-11,19929.55,20314.57,20574.45,20292.91,20357.88,992525
2019-04-12,20438.38,20292.91,20964.29,20292.91,20877.66,2241362
2019-04-16,20311.18,20574.45,20877.66,20574.45,20747.71,2163239
2019-04-17,20565.59,20920.97,21440.75,20877.66,21007.6,4748344
2019-04-18,20565.59,21007.6,21332.46,20812.68,21007.6,2368549
2019-04-19,20544.39,21094.23,21180.86,20964.29,20985.94,1048094
2019-04-22,20311.18,21007.6,21007.6,20704.4,20747.71,1907180
2019-04-23,20311.18,20747.71,20985.94,20574.45,20747.71,1718584
2019-04-24,20586.8,21007.6,21072.57,20834.34,21029.26,1974224
2019-04-25,20692.8,21007.6,21289.14,20985.94,21137.54,2240946
2019-04-26,21010.83,21180.86,21549.03,21137.54,21462.4,2123666
2019-05-02,21138.04,21570.69,21743.95,21505.72,21592.35,2043231
2019-05-03,21201.64,21614.01,21657.32,21484.06,21657.32,2446214
2019-05-06,20671.6,21224.17,21397.43,20985.94,21115.89,3451808
2019-05-07,21074.44,21267.49,21527.38,21245.83,21527.38,7696747
2019-05-08,21053.23,21354.12,21527.38,21224.17,21505.72,3437680
2019-05-09,20608.0,21484.06,21505.72,21050.91,21050.91,2172334
2019-05-10,20777.61,21224.17,21332.46,21115.89,21224.17,3619625
2019-05-13,20989.63,21224.17,21570.69,21224.17,21440.75,1963628
2019-05-14,21286.45,21397.43,22003.84,21267.49,21743.95,3603465
2019-05-15,21371.26,21873.89,21917.21,21700.63,21830.58,3555238
2019-05-16,21053.23,21830.58,21960.52,21505.72,21505.72,6675083
2019-05-17,20733.09,21440.75,21440.75,21107.22,21178.69,3122162
2019-05-20,21106.24,21202.52,21583.69,21202.52,21559.86,3761333
2019-05-21,21409.42,21678.98,21941.03,21607.51,21869.56,2196462
2019-05-22,21106.24,21893.38,21988.68,21559.86,21559.86,10967630
2019-05-23,21316.13,21559.86,21821.92,21536.04,21774.27,3289922
2019-05-24,21269.49,21678.98,21893.38,21559.86,21726.62,2612488
2019-05-27,21106.24,21583.69,21655.15,21273.98,21559.86,3003756
2019-05-28,20919.66,21440.75,21631.33,21321.63,21369.28,1612868
2019-05-29,20569.84,21369.28,21369.28,20964.29,21011.93,3159332
2019-05-30,20779.73,21011.93,21297.81,20916.64,21226.34,2070365
2019-05-31,20569.84,21250.16,21345.46,21011.93,21011.93,1284173
2019-06-03,20289.97,20964.29,21011.93,20726.05,20726.05,1850745
2019-06-04,20196.69,20726.05,20821.35,20606.94,20630.76,1232333
2019-06-05,20336.62,20726.05,20916.64,20726.05,20773.7,1448385
2019-06-06,20756.41,20868.99,21297.81,20773.7,21202.52,2468469
2019-06-07,21082.91,21345.46,21559.86,21297.81,21536.04,2795529
2019-06-10,21036.27,21678.98,21774.27,21345.46,21488.39,2620022
2019-06-11,21082.91,21488.39,21726.62,21393.1,21536.04,2721101
2019-06-12,21012.95,21536.04,21726.62,21440.75,21464.57,2756297
2019-06-13,20779.73,21464.57,21488.39,21202.52,21226.34,1797142
2019-06-14,20709.76,21250.16,21393.1,21154.87,21154.87,1174910
2019-06-17,20546.52,21011.93,21202.52,20916.64,20988.11,2860693
2019-06-18,20546.52,21131.05,21178.69,20845.17,20988.11,1659483
2019-06-19,20826.38,21107.22,21297.81,21059.58,21273.98,2562263
2019-06-20,21176.2,21369.28,21631.33,21273.98,21631.33,2846042
2019-06-21,21176.2,21678.98,21726.62,21559.86,21631.33,1936063
2019-06-24,21059.59,21631.33,21655.15,21512.22,21512.22,1524067
2019-06-25,21689.28,21440.75,22179.26,21345.46,22155.44,6903919
2019-06-26,21526.03,22155.44,22155.44,21964.85,21988.68,3465233
2019-06-27,21176.2,21941.03,21964.85,21583.69,21631.33,2991385
2019-06-28,21222.85,21631.33,21917.21,21393.1,21678.98,5203403
2019-07-01,21969.14,21917.21,22441.31,21869.56,22441.31,5354642
2019-07-02,21875.86,22393.67,22631.9,22226.91,22346.02,7227503
2019-07-03,21829.21,22250.73,22346.02,22179.26,22298.38,4091550
2019-07-04,21899.18,22393.67,22488.96,22298.38,22369.85,2677656
2019-07-05,21735.92,22298.38,22393.67,22107.79,22203.08,2387958
2019-07-08,21596.0,22155.44,22346.02,21941.03,22060.15,3322514
2019-07-09,21805.89,22060.15,22322.2,21964.85,22274.55,2388510
2019-07-10,21945.82,22369.85,22608.08,22298.38,22417.49,2690626
2019-07-11,21922.5,22465.14,22512.78,22298.38,22393.67,2131052
2019-07-12,21922.5,22441.31,22608.08,22298.38,22393.67,2606651
2019-07-15,22062.43,22369.85,22655.72,22322.2,22536.61,2468320
2019-07-16,22062.43,22560.43,22774.84,22512.78,22536.61,2516287
2019-07-17,21945.82,22536.61,22631.9,22393.67,22417.49,2712978
2019-07-18,21829.21,22393.67,22441.31,22298.38,22298.38,2215162
2019-07-19,22482.22,22369.85,23013.07,22346.02,22965.42,5900920
2019-07-22,22552.19,22965.42,23179.83,22846.31,23036.89,3789982
2019-07-23,22762.09,23108.36,23251.3,22917.78,23251.3,2184163
2019-07-24,22668.8,23513.35,23537.18,23156.01,23156.01,4651562
2019-07-25,22692.12,23156.01,23322.77,23108.36,23179.83,2491491
2019-07-26,22762.09,23108.36,23251.3,23036.89,23251.3,2189094
2019-07-29,22668.8,23251.3,23251.3,22965.42,23156.01,3058425
2019-07-30,22295.65,23156.01,23156.01,22727.19,22774.84,4391163
2019-07-31,22575.51,22774.84,23060.71,22631.9,23060.71,2486623
2019-08-01,22552.19,23060.71,23156.01,22965.42,23036.89,2114043
2019-08-02,22762.09,22893.95,23346.59,22798.66,23251.3,4616162
2019-08-05,22855.37,23346.59,23727.76,23251.3,23346.59,4915614
2019-08-06,22832.05,22965.42,23489.53,22965.42,23322.77,3819180
2019-08-07,23205.2,23346.59,23703.94,23322.77,23703.94,2662566
2019-08-08,23461.74,23751.58,24108.93,23751.58,23965.99,4377080
2019-08-09,23834.89,23965.99,24490.1,23823.05,24347.16,3723031
2019-08-12,24394.61,24347.16,25061.85,24156.57,24918.91,11726496
2019-08-13,24487.9,24823.62,25347.73,24633.04,25014.21,5641803
2019-08-14,24814.4,25252.44,25585.96,25157.14,25347.73,4733584
2019-08-15,24721.12,24728.33,25252.44,24490.1,25252.44,4667493
2019-08-16,24254.68,25252.44,26253.0,24775.97,24775.97,9509735
2019-08-19,24441.26,24775.97,25109.5,24394.8,24966.56,6065090
2019-08-20,25187.55,24966.56,25728.9,24966.56,25728.9,4780555
2019-08-21,25000.98,25776.54,25967.13,25443.02,25538.31,7152776
2019-08-22,24721.12,25538.31,25871.83,25204.79,25252.44,3972284
2019-08-23,25374.13,25300.08,25919.48,25061.85,25919.48,3920988
2019-08-26,25047.62,25490.67,25824.19,25490.67,25585.96,3895719
2019-08-27,24627.83,25728.9,25871.83,25157.14,25157.14,3287505
2019-08-28,24301.32,25252.44,25347.73,24823.62,24823.62,3814777
2019-08-29,24581.19,24871.27,25157.14,24728.33,25109.5,2872035
2019-08-30,24767.76,25252.44,25443.02,25204.79,25300.08,2136795
2019-09-03,25047.62,25252.44,25728.9,25252.44,25585.96,3049377
2019-09-04,24814.4,25585.96,25824.19,25252.44,25347.73,3579093
2019-09-05,24534.54,25443.02,25490.67,25061.85,25061.85,3249429
2019-09-06,24674.47,25204.79,25347.73,24918.91,25204.79,2398324
2019-09-09,25094.27,25252.44,25919.48,25014.21,25633.6,5263387
2019-09-10,25187.55,25824.19,25919.48,25538.31,25728.9,3739252
2019-09-11,25234.2,25728.9,25824.19,25443.02,25776.54,2623233
2019-09-12,26353.64,25919.48,26920.05,25919.48,26920.05,8038240
2019-09-13,26493.57,26920.05,27348.86,26824.76,27062.99,10182151
2019-09-16,26913.37,27110.63,27634.74,27015.34,27491.8,2811477
2019-09-17,26866.72,27301.22,27682.39,27205.93,27444.16,3511043
2019-09-18,26307.0,27587.09,27587.09,26824.76,26872.4,9987936
2019-09-19,26960.01,26967.7,27539.45,26777.11,27539.45,3007020
2019-09-20,27146.59,27491.8,28015.91,27444.16,27730.03,2930184
2019-09-23,26353.64,27634.74,27777.68,26920.05,26920.05,8018239
2019-09-24,26213.71,26872.4,27158.28,26586.53,26777.11,8474143
2019-09-25,26773.44,26824.76,27348.86,26729.46,27348.86,3027337
2019-09-26,26913.37,27491.8,27634.74,27253.57,27491.8,2146932
2019-09-27,27286.52,27444.16,28015.91,27348.86,27872.97,5269096
2019-09-30,26913.37,28254.14,28349.43,27491.8,27491.8,4972428
2019-10-01,27286.52,27491.8,27872.97,27444.16,27872.97,3450709
2019-10-02,26680.15,27872.97,27920.62,27253.57,27253.57,5320810
2019-10-03,26680.15,26967.7,27348.86,26872.4,27253.57,6257276
2019-10-04,26493.57,27396.51,27396.51,27015.34,27062.99,2772961
2019-10-07,25887.21,27062.99,27253.57,26443.59,26443.59,4977970
2019-10-08,26167.07,26443.59,26777.11,26300.65,26729.46,2806565
2019-10-09,26307.0,26824.76,27158.28,26586.53,26872.4,2009666
2019-10-10,26307.0,26967.7,27158.28,26872.4,26872.4,1695835
2019-10-11,26353.64,27015.34,27110.63,26872.4,26920.05,1667332
2019-10-14,26913.37,27158.28,27730.03,27062.99,27491.8,5019147
2019-10-15,26773.44,27539.45,27539.45,27348.86,27348.86,1645273
2019-10-16,26820.08,27539.45,27634.74,27348.86,27396.51,2184960
2019-10-17,26446.93,27348.86,27396.51,26967.7,27015.34,3655259
2019-10-18,26633.51,27062.99,27444.16,26967.7,27205.93,3092149
2019-10-21,26353.64,27348.86,27348.86,26824.76,26920.05,3241625
2019-10-22,26260.36,26920.05,26967.7,26538.88,26824.76,3220366
2019-10-23,26307.0,26681.82,27158.28,26681.82,26872.4,1569505
2019-10-24,27146.59,27062.99,27730.03,26872.4,27730.03,4747604
2019-10-25,27053.3,27777.68,27872.97,27491.8,27634.74,2886507
2019-10-28,27099.94,27634.74,28015.91,27539.45,27682.39,3704014
2019-10-29,27006.65,27730.03,27777.68,27539.45,27587.09,2105142
2019-10-30,26960.01,27587.09,27682.39,27444.16,27539.45,3763935
2019-10-31,27006.65,27634.74,27968.26,27539.45,27587.09,2798945
2019-11-01,27286.52,27634.74,27968.26,27444.16,27872.97,3637125
2019-11-04,27939.53,27968.26,28825.89,27968.26,28540.02,12197343
2019-11-05,27892.88,28635.31,28635.31,28301.79,28492.37,5864631
2019-11-06,27752.95,28492.37,28778.25,28349.43,28349.43,3319491
2019-11-07,27752.95,28349.43,28540.02,28206.49,28349.43,3060120
2019-11-08,27799.6,28492.37,28492.37,28206.49,28397.08,2559577
2019-11-11,27986.17,28444.72,28873.54,28349.43,28587.66,4576425
2019-11-12,28452.61,28587.66,29207.06,28587.66,29064.12,6050124
2019-11-13,28219.39,29159.42,29207.06,28825.89,28825.89,12438841
2019-11-14,27193.23,28825.89,29064.12,27396.51,27777.68,10597694
2019-11-15,27333.16,27777.68,28015.91,27491.8,27920.62,5389818
2019-11-18,26820.08,27825.32,28015.91,27205.93,27396.51,5865996
2019-11-19,27193.23,27396.51,27777.68,27396.51,27777.68,2329191
2019-11-20,26493.57,27730.03,27730.03,26967.7,27062.99,14317558
2019-11-21,26120.43,27062.99,27205.93,26634.17,26681.82,6934352
2019-11-22,26120.43,26824.76,27205.93,26443.59,26681.82,3412280
2019-11-25,26400.29,26729.46,27158.28,26586.53,26967.7,2461876
2019-11-26,26633.51,27158.28,27253.57,27062.99,27205.93,2085560
2019-11-27,26586.86,27253.57,27348.86,27110.63,27158.28,1704817
2019-11-28,26120.43,27110.63,27110.63,26586.53,26681.82,3055482
2019-11-29,26307.0,26681.82,27062.99,26586.53,26872.4,1551792
2019-12-02,25467.42,26920.05,26920.05,26014.77,26014.77,4181618
2019-12-03,25420.77,25824.19,26300.65,25395.37,25967.13,5182204
2019-12-04,25840.56,25967.13,26443.59,25728.9,26395.94,1998335
2019-12-05,25607.35,26443.59,26586.53,26110.06,26157.71,2484987
2019-12-06,25653.99,26205.36,26395.94,26062.42,26205.36,1167269
2019-12-09,25793.92,26300.65,26586.53,26205.36,26348.29,1741084
2019-12-10,25887.21,26348.29,26586.53,26110.06,26443.59,1672955
2019-12-11,26353.64,26443.59,26967.7,26300.65,26920.05,1995030
2019-12-12,26586.86,27062.99,27253.57,27015.34,27158.28,2059787
2019-12-13,26633.51,27253.57,27396.51,27110.63,27205.93,3592527
2019-12-16,26353.64,27205.93,27205.93,26872.4,26920.05,2379645
2019-12-17,25840.56,26777.11,26872.4,26253.0,26395.94,4702060
2019-12-18,25887.21,26395.94,26681.82,26205.36,26443.59,2146006
2019-12-19,26027.14,26443.59,26777.11,26395.94,26586.53,1779408
2019-12-20,26353.64,26681.82,27015.34,26586.53,26920.05,1630980
2019-12-23,26167.07,27110.63,27158.28,26681.82,26729.46,1607685
2019-12-24,26307.0,26872.4,26920.05,26729.46,26872.4,1733193
2019-12-25,26820.08,26872.4,27587.09,26872.4,27396.51,3367218
2019-12-26,26773.44,27539.45,27682.39,27348.86,27348.86,4332987
2019-12-27,26866.72,27348.86,27539.45,27062.99,27444.16,2109005
2019-12-30,27333.16,27539.45,28063.55,27444.16,27920.62,6046787
2019-12-31,27193.23,27920.62,27968.26,27634.74,27777.68,1446138
2020-01-02,27333.16,27777.68,28111.2,27634.74,27920.62,1882040
2020-01-03,26866.72,28063.55,28158.85,27348.86,27444.16,4298104
2020-01-06,26586.86,27205.93,27444.16,27062.99,27158.28,2291182
2020-01-07,27099.94,27301.22,27682.39,27158.28,27682.39,1757201
2020-01-08,26493.57,27396.51,27491.8,27062.99,27062.99,3858696
2020-01-09,26866.72,27301.22,27491.8,27205.93,27444.16,2029649
2020-01-10,26820.08,27396.51,27539.45,27205.93,27396.51,2137947
2020-01-13,26633.51,27348.86,27444.16,27158.28,27205.93,1733109
2020-01-14,26586.86,27205.93,27348.86,27158.28,27158.28,1690335
2020-01-15,26586.86,27158.28,27205.93,27062.99,27158.28,2168106
2020-01-16,27053.3,27158.28,27730.03,27158.28,27634.74,4077916
2020-01-17,26866.72,27634.74,27682.39,27158.28,27444.16,2914842
2020-01-20,26773.44,27396.51,27634.74,27253.57,27348.86,3779741
2020-01-21,25887.21,27539.45,27634.74,26443.59,26443.59,9343299
2020-01-22,26353.64,26205.36,26920.05,26062.42,26920.05,6644086
2020-01-30,25514.06,26348.29,26586.53,25681.25,26062.42,6238618
2020-01-31,24254.68,25728.9,26157.71,24775.97,24775.97,9173989
2020-02-03,24021.46,23632.47,25014.21,23346.59,24537.74,7561937
2020-02-04,24161.39,24966.56,24966.56,24299.51,24680.68,3466052
2020-02-05,24254.68,24918.91,25157.14,24775.97,24775.97,3460132
2020-02-06,25000.98,25014.21,25538.31,24680.68,25538.31,3638803
2020-02-07,24861.05,25252.44,25490.67,25157.14,25395.37,2557729
2020-02-10,24534.54,24966.56,25252.44,24823.62,25061.85,1549105
2020-02-11,25000.98,25204.79,25585.96,25109.5,25538.31,2278002
2020-02-12,25234.2,25633.6,26062.42,25585.96,25776.54,2318908
2020-02-13,25327.48,25776.54,25967.13,25585.96,25871.83,2162964
2020-02-14,25420.77,25776.54,25967.13,25728.9,25967.13,1954490
2020-02-17,25280.84,26014.77,26014.77,25728.9,25824.19,2091228
2020-02-18,26120.43,25919.48,26681.82,25871.83,26681.82,3804261
2020-02-19,25980.49,26634.17,26777.11,26443.59,26538.88,1589173
2020-02-20,26027.14,26729.46,26872.4,26443.59,26586.53,1638767
2020-02-21,25514.06,26634.17,26634.17,26062.42,26062.42,3060142
2020-02-24,24487.9,25300.08,25681.25,25014.21,25014.21,4789455
2020-02-25,25187.55,24823.62,25728.9,24775.97,25728.9,2954530
2020-02-26,25653.99,25443.02,26300.65,25252.44,26205.36,6802799
2020-02-27,26120.43,26205.36,26920.05,26014.77,26681.82,6603871
2020-02-28,25700.63,26205.36,26538.88,26014.77,26253.0,5169780
2020-03-02,25980.49,26253.0,26777.11,26110.06,26538.88,3882916
2020-03-03,26073.78,26777.11,27158.28,26538.88,26634.17,3123863
2020-03-04,25887.21,26443.59,26443.59,26157.71,26443.59,3804842
2020-03-05,25467.42,26443.59,26634.17,26014.77,26014.77,2720994
2020-03-06,25187.55,25824.19,25871.83,25490.67,25728.9,3107345
2020-03-09,23461.74,24394.8,24775.97,23965.99,23965.99,12379456
2020-03-10,24114.75,24299.51,24775.97,23965.99,24633.04,4326354
2020-03-11,23694.96,24775.97,25014.21,23584.82,24204.22,6076610
2020-03-12,22435.58,23156.01,23489.53,22536.61,22917.78,9193633
2020-03-13,22458.9,21583.69,23823.05,21536.04,22941.6,6926692
2020-03-16,22202.36,22941.6,23680.11,22631.9,22679.54,4384952
2020-03-17,22622.15,22393.67,23108.36,22155.44,23108.36,5861966
2020-03-18,22575.51,23346.59,23394.24,23036.89,23060.71,4217634
2020-03-19,22249.01,22679.54,22917.78,22679.54,22727.19,4651941
2020-03-20,22249.01,22965.42,22989.24,22560.43,22727.19,3301757
2020-03-23,20709.76,21964.85,22346.02,21154.87,21154.87,8850395
2020-03-24,20756.41,21440.75,21440.75,20726.05,21202.52,7451142
2020-03-25,21456.06,21917.21,22107.79,21512.22,21917.21,4684094
2020-03-26,20616.48,21678.98,21845.74,21059.58,21059.58,5323014
2020-03-27,20103.4,21154.87,21154.87,20440.18,20535.47,5569705
2020-03-30,18844.02,19296.67,19582.55,19106.09,19249.03,9999389
2020-03-31,19170.53,19773.13,20201.95,19106.09,19582.55,5114896
2020-04-01,19730.25,19439.61,20583.12,19439.61,20154.3,3168431
2020-04-03,20803.05,20487.82,21273.98,20344.89,21250.16,5602095
2020-04-06,22155.72,21917.21,22631.9,21678.98,22631.9,6102741
2020-04-07,22062.43,22631.9,22727.19,22155.44,22536.61,5213035
2020-04-08,21852.54,21964.85,22417.49,21798.09,22322.2,3480533
2020-04-09,21852.54,22393.67,22679.54,22155.44,22322.2,4538393
2020-04-10,21642.64,22203.08,22393.67,21869.56,22107.79,7188269
2020-04-13,21689.28,22107.79,22393.67,21964.85,22155.44,9156958
2020-04-14,23088.59,22679.54,23584.82,22393.67,23584.82,8669140
2020-04-15,23368.45,24061.28,24204.22,23751.58,23870.7,4628288
2020-04-16,23461.74,23680.11,24204.22,23489.53,23965.99,3207981
2020-04-17,23881.53,24394.8,24442.45,23918.34,24394.8,5621023
2020-04-20,23928.18,24728.33,24775.97,24156.57,24442.45,4700864
2020-04-21,22995.3,24061.28,24251.87,23298.95,23489.53,8099400
2020-04-22,23834.89,23251.3,24394.8,23203.65,24347.16,8925953
2020-04-23,23788.25,24823.62,24871.27,24299.51,24299.51,2918199
2020-04-24,23788.25,24251.87,24394.8,23870.7,24299.51,3004190
2020-04-27,23648.31,24537.74,24537.74,24061.28,24156.57,3084718
2020-04-28,23648.31,24156.57,24204.22,23918.34,24156.57,2517116
2020-04-29,23694.96,24204.22,24490.1,24061.28,24204.22,2831772
2020-05-04,23555.03,23918.34,24251.87,23727.76,24061.28,2185118
2020-05-05,23741.6,24204.22,24299.51,24013.64,24251.87,1422968
2020-05-06,24674.47,24299.51,25300.08,24299.51,25204.79,8966104
2020-05-07,24954.33,25252.44,25490.67,24966.56,25490.67,4388016
2020-05-08,25047.62,25538.31,26253.0,25538.31,25585.96,7608847
2020-05-11,25187.55,25728.9,25919.48,25395.37,25728.9,4574201
2020-05-12,25374.13,25728.9,25919.48,25538.31,25919.48,5977799
2020-05-13,26471.42,26026.68,27149.94,25971.89,27040.36,12618046
2020-05-14,26122.76,26821.18,26903.37,26574.62,26684.2,6821605
2020-05-15,25747.28,26465.03,26793.79,26163.67,26300.65,4436493
2020-05-18,25935.02,26026.68,26492.43,25971.89,26492.43,3688332
2020-05-19,26417.78,26958.17,27232.13,26629.41,26985.56,5473377
2020-05-20,26230.04,26848.58,26848.58,26602.01,26793.79,2272879
2020-05-21,26444.6,26793.79,27012.96,26766.39,27012.96,3662983
2020-05-22,25988.66,26848.58,26848.58,26547.22,26547.22,3160473
2020-05-25,25988.66,26574.62,26629.41,26191.06,26547.22,3856329
2020-05-26,26176.4,26574.62,26738.99,26492.43,26738.99,2988645
2020-05-27,25747.28,26793.79,27067.75,26300.65,26300.65,3869961
2020-05-28,25747.28,26410.23,26629.41,26300.65,26300.65,2219751
2020-05-29,25720.46,26300.65,26355.44,26026.68,26273.25,2496776
2020-06-01,25908.2,26300.65,26492.43,26300.65,26465.03,2957473
2020-06-02,25747.28,26465.03,26574.62,26300.65,26300.65,2784331
2020-06-03,26095.94,26300.65,26821.18,26245.86,26656.8,3567879
2020-06-04,25961.84,26793.79,26793.79,26519.82,26519.82,2421747
2020-06-05,26122.76,26519.82,26684.2,26382.84,26684.2,3084894
2020-06-08,26471.42,26848.58,27396.51,26848.58,27040.36,7692839
2020-06-09,26256.86,27177.34,27204.73,26793.79,26821.18,2798583
2020-06-10,26176.4,26848.58,26848.58,26519.82,26738.99,2436549
2020-06-11,24674.47,26738.99,26738.99,25204.79,25204.79,8446439
2020-06-12,25210.88,24656.86,25752.72,24656.86,25752.72,5795353
2020-06-15,24674.47,26300.65,26300.65,25150.0,25204.79,2240247
2020-06-16,24996.31,25533.55,25643.13,25369.17,25533.55,2121308
2020-06-17,24862.21,25588.34,25615.74,25341.77,25396.56,2169306
2020-06-18,24996.31,25369.17,25588.34,25286.98,25533.55,1501977
2020-06-19,25210.88,25533.55,25752.72,25533.55,25752.72,2100418
2020-06-22,25210.88,25752.72,25752.72,25670.53,25752.72,1704858
2020-06-23,25505.89,25725.32,26519.82,25615.74,26054.08,3749089
2020-06-24,25318.16,26245.86,26273.25,25780.12,25862.3,1107804
2020-06-25,25103.6,25560.94,25807.51,25533.55,25643.13,1333762
2020-06-26,25130.41,25643.13,25834.91,25588.34,25670.53,1100285
2020-06-29,24701.29,25533.55,25533.55,25122.6,25232.19,2338288
2020-06-30,24486.73,25286.98,25423.96,24876.03,25013.01,2909510
2020-07-01,24781.75,25204.79,25369.17,25095.2,25314.38,16392582
2020-07-02,24754.93,25369.17,25369.17,25177.39,25286.98,983992
2020-07-03,24808.57,25478.75,25478.75,25259.58,25341.77,1235053
2020-07-06,25103.6,25478.75,25725.32,25369.17,25643.13,3984005
2020-07-07,25452.25,25752.72,26245.86,25752.72,25999.29,5073362
2020-07-08,25586.36,25917.1,26245.86,25917.1,26136.27,2760561
2020-07-09,25935.02,26245.86,26519.82,26191.06,26492.43,5655647
2020-07-10,25639.99,26355.44,26437.63,26026.68,26191.06,9986781
2020-07-13,26095.94,26300.65,26821.18,26163.67,26656.8,7362864
2020-07-14,26042.3,26465.03,26766.39,26465.03,26602.01,4342777
2020-07-15,26069.12,26684.2,26821.18,26519.82,26629.41,2767759
2020-07-16,26069.12,26602.01,26711.6,26519.82,26629.41,1935517
2020-07-17,25800.92,26574.62,26574.62,26355.44,26355.44,2396471
2020-07-20,25425.44,26355.44,26410.23,25944.49,25971.89,3740766
2020-07-21,25639.99,26026.68,26273.25,25889.7,26191.06,1715963
2020-07-22,25425.44,26300.65,26300.65,25917.1,25971.89,1492688
2020-07-23,25613.18,25971.89,26163.67,25807.51,26163.67,1713043
2020-07-24,24620.83,25971.89,26054.08,24876.03,25150.0,5786392
2020-07-27,23440.75,24656.86,25150.0,23889.76,23944.55,5975850
2020-07-28,24513.55,24328.1,25095.2,24191.12,25040.41,3656504
2020-07-29,23896.69,24328.1,24602.07,23999.34,24410.29,3312830
2020-07-30,24218.53,24437.69,24739.05,24437.69,24739.05,1266619
2020-07-31,23869.87,24108.93,24766.45,24108.93,24382.89,2018958
2020-08-03,24620.83,24382.89,25150.0,24382.89,25150.0,3017171
2020-08-04,24969.49,25478.75,25643.13,25314.38,25506.15,1918691
2020-08-05,25210.88,25478.75,25834.91,25341.77,25752.72,3655189
2020-08-06,25103.6,25752.72,25889.7,25588.34,25643.13,2105485
2020-08-07,25264.52,25643.13,26191.06,25643.13,25807.51,2342795
2020-08-10,25318.16,25944.49,26191.06,25807.51,25862.3,2117731
2020-08-11,25210.88,25999.29,25999.29,25752.72,25752.72,2207741
2020-08-12,25479.07,25807.51,26026.68,25697.93,26026.68,2250703
2020-08-13,25720.46,26136.27,26273.25,26026.68,26273.25,3119191
2020-08-14,25639.99,26355.44,26410.23,25999.29,26191.06,2981710
2020-08-17,25210.88,25697.93,25752.72,25478.75,25752.72,1914146
2020-08-18,25130.41,25752.72,25834.91,25643.13,25670.53,1141020
2020-08-19,25130.41,25697.93,25780.12,25560.94,25670.53,1600913
2020-08-20,25237.7,25697.93,25999.29,25670.53,25780.12,4424702
2020-08-21,25425.44,25889.7,26026.68,25862.3,25971.89,2299944
2020-08-24,25988.66,26273.25,26629.41,26218.46,26547.22,6461058
2020-08-25,26203.22,26629.41,26821.18,26602.01,26766.39,7126216
2020-08-26,25961.84,26738.99,26766.39,26410.23,26519.82,2670922
2020-08-27,26739.62,26437.63,27451.3,26437.63,27314.32,6798290
2020-08-28,26766.44,27506.1,27999.23,27341.72,27341.72,8092343
2020-08-31,26551.88,27341.72,27560.89,27040.36,27122.54,3541763
2020-09-01,26766.44,27122.54,27670.47,27040.36,27341.72,3379351
2020-09-03,27034.64,27615.68,27670.47,27341.72,27615.68,4211206
2020-09-04,26820.08,27122.54,27396.51,27122.54,27396.51,2807855
2020-09-07,26015.48,27369.11,27396.51,26574.62,26574.62,8433499
2020-09-08,26551.88,26711.6,27122.54,26574.62,27122.54,3217324
2020-09-09,26390.96,26656.8,27122.54,26629.41,26958.17,2720818
2020-09-10,26390.96,27122.54,27286.92,26903.37,26958.17,1835906
2020-09-11,26364.14,26848.58,26958.17,26766.39,26930.77,1591734
2020-09-14,26444.6,26985.56,27122.54,26903.37,27012.96,2057559
2020-09-15,26820.08,27122.54,27396.51,27012.96,27396.51,3479874
2020-09-16,27088.28,27396.51,27834.85,27396.51,27670.47,3500679
2020-09-17,26820.08,27560.89,27670.47,27341.72,27396.51,2889069
2020-09-18,27463.76,27451.3,28163.61,27396.51,28054.03,6089678
2020-09-21,27463.76,28108.82,28327.99,28054.03,28054.03,2792780
2020-09-22,27517.4,27834.85,28108.82,27725.27,28108.82,3048871
2020-09-23,27410.12,28108.82,28218.4,27834.85,27999.23,3280854
2020-09-24,27088.28,27780.06,27944.44,27506.1,27670.47,3190878
2020-09-25,27249.2,27780.06,27834.85,27396.51,27834.85,3282204
2020-09-28,27410.12,27889.65,28108.82,27725.27,27999.23,2395012
2020-09-29,26927.36,28163.61,28163.61,27506.1,27506.1,3468487
2020-09-30,26820.08,27506.1,27615.68,27259.53,27396.51,4563189
2020-10-01,27249.2,27506.1,27834.85,27506.1,27834.85,1652599
2020-10-02,26981.0,27834.85,27999.23,26848.58,27560.89,3555086
2020-10-05,27088.28,27615.68,27834.85,27341.72,27670.47,2734579
2020-10-06,27088.28,27834.85,27889.65,27560.89,27670.47,2774602
2020-10-07,27034.64,27506.1,27780.06,27506.1,27615.68,2726092
2020-10-08,27410.12,27670.47,28218.4,27560.89,27999.23,5667200
2020-10-09,27249.2,27944.44,28054.03,27834.85,27834.85,2141695
2020-10-12,27302.84,27889.65,28163.61,27725.27,27889.65,2830067
2020-10-13,27195.56,27889.65,27944.44,27670.47,27780.06,2306278
2020-10-14,27356.48,27834.85,28163.61,27615.68,27944.44,4397930
2020-10-15,27463.76,28054.03,28163.61,27780.06,28054.03,3947417
2020-10-16,28536.57,28054.03,29533.44,27889.65,29149.89,10529697
2020-10-19,28590.21,29369.06,29478.64,29040.3,29204.68,8419228
2020-10-20,28536.57,29095.09,29204.68,28766.34,29149.89,5959200
2020-10-21,28322.0,29149.89,29862.2,28930.71,28930.71,6031805
2020-10-22,28965.69,28930.71,29588.23,28821.13,29588.23,4355552
2020-10-23,28912.05,29697.82,29862.2,29314.27,29533.44,4829646
2020-10-26,28322.0,29533.44,29862.2,28930.71,28930.71,7031020
2020-10-27,27946.52,28985.51,29149.89,28547.16,28547.16,8210550
2020-10-28,27195.56,28492.37,28711.54,27780.06,27780.06,6563296
2020-10-29,27302.84,27615.68,28108.82,27506.1,27889.65,4963567
2020-10-30,27624.68,28163.61,28218.4,27670.47,28218.4,2682766
2020-11-02,27731.96,28218.4,28327.99,28054.03,28327.99,1580691
2020-11-03,28322.0,28437.58,28985.51,28327.99,28930.71,4677399
2020-11-04,28429.29,29040.3,29204.68,28766.34,29040.3,2864759
2020-11-05,27892.88,28875.92,29259.47,28492.37,28492.37,2956441
2020-11-06,28107.44,28711.54,28930.71,28547.16,28711.54,1801796
2020-11-09,28643.85,28930.71,29259.47,28875.92,29259.47,3799113
2020-11-10,28429.29,29588.23,29588.23,29040.3,29040.3,4166177
2020-11-11,28429.29,29259.47,29259.47,28875.92,29040.3,3044600
2020-11-12,28697.49,29040.3,29314.27,28985.51,29314.27,2289596
2020-11-13,28858.41,29478.64,29478.64,29314.27,29478.64,2405724
2020-11-16,28590.21,29588.23,29807.4,29040.3,29204.68,6851821
2020-11-17,28965.69,29369.06,29643.02,29040.3,29588.23,4590965
2020-11-18,28965.69,29752.61,29752.61,29423.85,29588.23,3206903
2020-11-19,29555.73,29752.61,30684.09,29588.23,30190.95,9126031
2020-11-20,29609.37,30190.95,30629.3,30136.16,30245.75,3389772
2020-11-23,29984.85,30245.75,30793.68,29916.99,30629.3,9352046
2020-11-24,29823.93,30629.3,30958.06,30136.16,30464.92,5619218
2020-11-25,29609.37,30848.47,30848.47,30245.75,30245.75,3470713
2020-11-26,29877.57,30410.12,30684.09,30026.57,30519.71,3436571
2020-11-27,30145.77,30629.3,30793.68,30464.92,30793.68,13837354
2020-11-30,29716.65,31067.64,31067.64,30355.33,30355.33,5284156
2020-12-01,29609.37,30136.16,30355.33,30026.57,30245.75,6255119
2020-12-02,29823.93,30136.16,30519.71,30136.16,30464.92,3935171
2020-12-03,29823.93,30410.12,30519.71,30190.95,30464.92,2971143
2020-12-04,29877.57,30355.33,30629.3,30355.33,30519.71,2772227
2020-12-07,29877.57,30629.3,30684.09,30410.12,30519.71,2838625
2020-12-08,30145.77,30519.71,31012.85,30410.12,30793.68,4424468
2020-12-09,30843.09,30848.47,31670.37,30793.68,31505.99,6436748
2020-12-10,30306.69,31232.02,31615.57,30958.06,30958.06,6659387
2020-12-11,30574.89,31012.85,31232.02,30848.47,31232.02,3415706
2020-12-14,30682.17,31232.02,31779.95,31177.23,31341.61,2731659
2020-12-15,30413.97,31505.99,31560.78,31012.85,31067.64,4867224
2020-12-16,30628.53,31341.61,31505.99,31232.02,31286.81,3641939
2020-12-17,30306.69,31177.23,31286.81,30684.09,30958.06,6552821
2020-12-18,30521.25,30958.06,31286.81,30958.06,31177.23,2872899
2020-12-21,30843.09,31396.4,31670.37,31286.81,31505.99,4309652
2020-12-22,31164.93,31451.19,32053.92,31286.81,31834.74,4702037
2020-12-23,30843.09,31944.33,32108.71,31341.61,31505.99,5368236
2020-12-24,30574.89,31505.99,31670.37,30903.26,31232.02,4354950
2020-12-25,30896.73,31232.02,31560.78,31012.85,31560.78,2965904
2020-12-28,31057.65,31725.16,32108.71,31505.99,31725.16,5032902
2020-12-29,31433.13,31725.16,32218.29,31560.78,32108.71,4002240
2020-12-30,31164.93,32273.09,32273.09,31834.74,31834.74,2197687
2020-12-31,31701.33,31834.74,32437.47,31779.95,32382.67,3898980
2021-01-04,32291.38,32656.64,32985.4,32492.26,32985.4,4590400
2021-01-05,33632.38,32875.81,34793.57,32766.22,34355.22,5224706
2021-01-06,33471.46,34574.39,34848.36,34136.05,34190.84,15453427
2021-01-07,33525.1,34300.43,34464.81,33916.88,34245.64,4649131
2021-01-08,33954.22,34519.6,34903.15,34300.43,34683.98,5343379
2021-01-11,34705.18,35012.74,35451.08,34683.98,35451.08,3600457
2021-01-12,35295.23,35615.46,36163.39,35067.53,36053.81,7539645
2021-01-13,35670.71,36108.6,36930.5,36108.6,36437.36,7958719
2021-01-14,35617.07,36437.36,36711.32,35999.02,36382.57,3700287
2021-01-15,35724.35,36711.32,36711.32,36382.57,36492.15,3150765
2021-01-18,35563.43,36711.32,36711.32,36272.98,36327.77,2712388
2021-01-19,33256.9,36163.39,36218.19,33807.29,33971.67,8380810
2021-01-20,33954.22,34355.22,34903.15,32985.4,34683.98,7225006
2021-01-21,35187.95,35341.5,36053.81,34683.98,35944.22,4221521
2021-01-22,35885.27,35999.02,36985.29,35834.63,36656.53,3814901
2021-01-25,35938.91,36601.74,37368.84,36272.98,36711.32,5788875
2021-01-26,35402.51,36985.29,36985.29,35889.43,36163.39,4857369
2021-01-27,33793.3,35999.02,36218.19,34464.81,34519.6,4160748
2021-01-28,31433.13,32875.81,34136.05,32108.71,32108.71,19272161
2021-01-29,33632.38,32327.88,34355.22,32327.88,34355.22,6044382
2021-02-01,34061.5,35286.7,35834.63,34136.05,34793.57,3907978
2021-02-02,35402.51,34574.39,36163.39,34519.6,36163.39,6358655
2021-02-03,37548.11,36985.29,38683.87,36218.19,38355.11,9696124
2021-02-04,38889.12,38464.7,40108.49,38464.7,39724.94,13335273
2021-02-05,39103.67,39998.9,40218.08,39341.39,39944.11,5028741
2021-02-08,38245.43,39944.11,39944.11,38135.94,39067.42,11544535
2021-02-09,40015.56,39122.21,40875.59,38355.11,40875.59,7746059
2021-02-17,41785.68,41807.07,43286.48,41587.9,42683.76,5857131
2021-02-18,41946.6,42738.55,42902.93,41971.45,42848.14,7629601
2021-02-19,41088.36,42355.0,42738.55,41642.7,41971.45,9666559
2021-02-22,41195.64,41971.45,42464.59,41697.49,42081.04,6879524
2021-02-23,40498.32,41807.07,42190.62,40875.59,41368.73,6222506
2021-02-24,40444.68,41642.7,41916.66,41039.97,41313.94,6027643
2021-02-25,40873.8,41697.49,41807.07,40820.8,41752.28,3700287
2021-02-26,40873.8,41094.77,41861.87,41039.97,41752.28,5506174
2021-03-01,41785.68,42081.04,42738.55,42081.04,42683.76,3792635
2021-03-02,41785.68,43231.69,43231.69,42135.83,42683.76,4354568
2021-03-03,41678.4,42738.55,42793.35,42409.8,42574.18,10792262
2021-03-04,40712.88,42574.18,42628.97,41149.56,41587.9,7549318
2021-03-05,40712.88,41368.73,41642.7,40820.8,41587.9,5488837
2021-03-08,40659.24,41642.7,41916.66,41313.94,41533.11,9642874
2021-03-09,40230.12,41094.77,41478.32,40820.8,41094.77,7359329
2021-03-10,40927.45,41587.9,42464.59,41094.77,41807.07,4849886
2021-03-11,41142.0,41916.66,42245.42,41697.49,42026.25,3651559
2021-03-12,41034.72,42190.62,42245.42,41807.07,41916.66,3764712
2021-03-15,41034.72,41971.45,42464.59,41697.49,41916.66,3287643
2021-03-16,43448.53,42190.62,44656.31,41971.45,44382.34,9437333
2021-03-17,43341.25,44656.31,44656.31,43834.41,44272.76,6509952
2021-03-18,43448.53,44382.34,44382.34,43834.41,44382.34,3974045
2021-03-19,42804.85,43834.41,44108.38,43505.66,43724.83,5335532
2021-03-22,42214.8,43560.45,43615.24,42902.93,43122.11,5611662
2021-03-23,42268.45,43012.52,43834.41,42902.93,43176.9,4258205
2021-03-24,41302.93,42683.76,43231.69,41916.66,42190.62,5089150
2021-03-25,41088.36,42464.59,42464.59,41916.66,41971.45,4298721
2021-03-26,40820.16,41752.28,42081.04,40820.8,41697.49,4877627
2021-03-29,41624.76,41916.66,42793.35,41697.49,42519.38,3713361
2021-03-30,41356.57,42683.76,42738.55,42190.62,42245.42,3125397
2021-03-31,41678.4,42245.42,42793.35,41971.45,42574.18,2591570
2021-04-01,42751.21,42683.76,43670.04,42683.76,43670.04,5750549
2021-04-02,42804.85,44053.59,44108.38,43724.83,43724.83,3634038
2021-04-05,42697.57,44053.59,44108.38,43231.69,43615.24,5032573
2021-04-06,42590.29,43341.28,43834.41,43341.28,43505.66,2979940
2021-04-07,42697.57,43396.07,43670.04,43341.28,43615.24,3751572
2021-04-08,42697.57,43944.0,44163.17,43560.45,43615.24,3886990
2021-04-09,44038.57,43779.62,45478.21,43779.62,44985.07,9097497
2021-04-12,44038.57,45149.45,45149.45,44656.31,44985.07,3868192
2021-04-13,43287.61,44930.28,45039.86,44108.38,44217.96,6276894
2021-04-14,43448.53,43834.41,44382.34,43560.45,44382.34,4618471
2021-04-15,42912.12,44382.34,44601.52,43724.83,43834.41,5621518
2021-04-16,42751.21,43724.83,44491.93,43176.9,43670.04,4737098
2021-04-19,43716.73,43834.41,44656.31,43560.45,44656.31,6480203
2021-04-20,44467.69,44820.69,46519.27,44711.11,45423.41,9248913
2021-04-22,42912.12,44930.28,45971.34,43834.41,43834.41,4424285
2021-04-23,44521.33,43834.41,45478.21,43670.04,45478.21,5851838
2021-04-26,43448.53,45204.24,45368.62,44108.38,44382.34,5687402
2021-04-27,43287.61,44053.59,44601.52,43889.21,44217.96,3307172
2021-04-28,43341.25,43889.21,44546.73,43889.21,44272.76,3153044
2021-04-29,43394.89,44272.76,44820.69,44272.76,44327.55,4067853
2021-05-04,44467.69,43834.41,45752.17,43834.41,45423.41,6252072
2021-05-05,44467.69,46300.1,46300.1,45313.83,45423.41,4283756
2021-05-06,44360.41,45478.21,45752.17,45039.86,45313.83,3593523
2021-05-07,44521.33,45313.83,46026.14,45094.66,45478.21,5020528
2021-05-10,46023.26,45533.0,47122.0,45478.21,47012.41,8361100
2021-05-11,45701.42,47122.0,47450.75,46683.65,46683.65,4168413
2021-05-12,45808.7,46574.07,46793.24,46190.52,46793.24,3402804
2021-05-13,45057.73,46574.07,46793.24,46026.14,46026.14,5090428
2021-05-14,45486.86,46190.52,47231.58,46080.93,46464.48,3483471
2021-05-17,45969.62,47012.41,47450.75,46683.65,46957.62,8193377
2021-05-18,46666.94,47341.17,47889.1,47231.58,47669.93,4163486
2021-05-19,48705.27,47943.89,49916.44,47560.34,49752.06,5336626
2021-05-20,51226.35,49752.06,52327.33,49532.89,52327.33,7529481
2021-05-21,50314.47,51669.82,52930.06,50957.51,51395.85,12606349
2021-05-24,50153.55,51395.85,51450.64,50464.37,51231.47,6716401
2021-05-25,50314.47,51231.47,52162.95,50847.92,51395.85,4074058
2021-05-26,51119.07,51615.02,52327.33,51341.06,52217.75,3828589
2021-05-27,50314.47,52217.75,52272.54,51231.47,51395.85,5429383
2021-05-28,50850.87,51505.44,52053.37,51341.06,51943.78,3420690
2021-05-31,52513.72,52327.33,53697.16,51888.99,53642.37,8070014
2021-06-01,53728.67,55387.52,55765.59,54820.41,54883.43,5546564
2021-06-02,52741.68,54883.43,55135.48,53560.18,53875.23,8315886
2021-06-03,52556.63,53560.18,53812.22,53119.09,53686.2,7134786
2021-06-04,52248.2,53560.18,53623.19,52804.03,53371.14,9435666
2021-06-07,51014.47,53308.13,53371.14,51039.7,52110.9,6776172
2021-06-08,49842.43,51669.82,52299.94,50787.65,50913.67,7754081
2021-06-09,50397.61,50787.65,51732.83,49779.46,51480.78,5716531
2021-06-10,50520.98,51480.78,51984.88,51039.7,51606.8,4092167
2021-06-11,51507.96,51354.76,52867.04,51228.73,52615.0,3871644
2021-06-14,51693.02,52615.0,53308.13,52299.94,52804.03,7381097
2021-06-15,51322.9,52804.03,53245.12,52425.96,52425.96,2822796
2021-06-16,51261.22,52425.96,53308.13,52110.9,52362.95,4402972
2021-06-17,50952.79,51732.83,52362.95,51732.83,52047.89,3723736
2021-06-18,51693.02,52362.95,53056.08,52110.9,52804.03,2743128
2021-06-21,52803.38,52678.01,54379.33,52425.96,53938.25,6333557
2021-06-22,52680.0,54253.31,54568.37,53812.22,53812.22,5213770
2021-06-23,52371.57,53749.21,53938.25,52993.07,53497.16,4936045
2021-06-24,52248.2,53119.09,53497.16,52867.04,53371.14,3503777
2021-06-25,52556.63,53371.14,53812.22,53056.08,53686.2,2560465
2021-06-28,52865.06,54253.31,54253.31,53812.22,54001.26,2949915
2021-06-29,54653.96,54568.37,56080.66,54379.33,55828.61,8842604
2021-06-30,54283.84,56080.66,56143.67,55450.54,55450.54,3450821
2021-07-01,54839.02,55513.55,56017.64,55450.54,56017.64,2698057
2021-07-02,56689.61,56269.69,58286.07,56017.64,57908.0,6202788
2021-07-05,57183.09,59861.38,59861.38,57340.89,58412.1,10058130
2021-07-06,53666.98,58286.07,58601.13,54820.41,54820.41,5564021
2021-07-07,55826.0,54820.41,57340.89,53560.18,57025.84,9554532
2021-07-08,55394.19,56962.82,57025.84,56080.66,56584.75,4089731
2021-07-09,55332.51,56458.73,57971.02,55954.63,56521.74,6386563
2021-07-12,53111.8,55954.63,56521.74,52678.01,54253.31,11702854
2021-07-13,53666.98,54757.4,55009.45,53560.18,54820.41,4180950
2021-07-14,52556.63,55198.49,55198.49,53371.14,53686.2,4137626
2021-07-15,52680.0,53371.14,54568.37,53371.14,53812.22,4339809
2021-07-16,53543.61,54127.29,55450.54,53875.23,54694.39,3786105
2021-07-19,52248.2,53686.2,54442.34,53245.12,53371.14,5575606
2021-07-20,53543.61,53434.15,54694.39,52867.04,54694.39,6123717
2021-07-21,53420.23,54694.39,55387.52,54253.31,54568.37,6888667
2021-07-22,55147.45,54316.32,56458.73,54316.32,56332.7,7097016
2021-07-23,55826.0,56332.7,58538.12,55891.62,57025.84,11655404
2021-07-26,57799.96,56899.81,59168.24,56836.8,59042.22,9959694
2021-07-27,57491.52,59483.3,59798.36,58286.07,58727.16,10764779
2021-07-28,56751.29,58475.11,59042.22,57781.98,57971.02,5342951
2021-07-29,57614.89,57971.02,59168.24,57781.98,58853.18,6130898
2021-07-30,57985.01,58916.2,59735.35,58475.11,59231.25,12014223
2021-08-02,58971.99,59231.25,60869.57,59231.25,60239.45,7280996
2021-08-03,59095.36,60365.47,60491.49,59672.34,60365.47,5606711
2021-08-04,58971.99,60428.48,60617.52,59798.36,60239.45,4946202
2021-08-05,59588.85,59987.4,61121.61,59798.36,60869.57,4834159
2021-08-06,59588.85,60995.59,61247.64,60365.47,60869.57,6097412
2021-08-09,60144.03,61121.61,61562.7,60428.48,61436.67,5618138
2021-08-10,60329.09,61940.77,62003.78,61499.68,61625.71,4730370
2021-08-11,59280.42,61562.7,61625.71,60554.5,60554.5,9197616
2021-08-12,57861.64,60365.47,60491.49,58853.18,59105.23,14162705
2021-08-13,58601.88,58664.14,59861.38,58601.13,59861.38,6559387
2021-08-16,58355.13,59861.38,59987.4,59483.3,59609.32,3203517
2021-08-17,57861.64,59294.27,59609.32,58916.2,59105.23,5164256
2021-08-18,57985.01,59105.23,59798.36,59105.23,59231.25,3197804
2021-08-19,58293.45,59861.38,59861.38,59105.23,59546.31,4987306
2021-08-20,57244.78,59546.31,59672.34,57403.91,58475.11,8571227
2021-08-23,56134.43,58286.07,58286.07,57340.89,57340.89,7349713
2021-08-24,56689.61,57655.95,57971.02,56647.76,57908.0,8268213
2021-08-25,56689.61,58223.06,58223.06,57340.89,57908.0,3149718
2021-08-26,56381.17,57971.02,58538.12,57466.92,57592.94,3169872
2021-08-27,56751.29,57340.89,57971.02,57088.85,57971.02,3722783
2021-08-30,56874.66,58601.13,58601.13,58034.03,58097.04,2635795
2021-08-31,56998.04,58160.05,58727.16,57971.02,58223.06,3773092
2021-09-01,56998.04,58034.03,58601.13,58034.03,58223.06,2528248
2021-09-06,58540.19,58223.06,59798.36,58160.05,59798.36,5038565
2021-09-07,57676.58,60050.41,60050.41,58916.2,58916.2,4079541
2021-09-08,57429.83,58916.2,59357.28,58475.11,58664.14,2576970
2021-09-09,57491.52,58664.14,59168.24,58475.11,58727.16,2370501
2021-09-10,57676.58,58853.18,59483.3,58853.18,58916.2,2348917
2021-09-13,57368.15,58979.21,59231.25,58538.12,58601.13,2856599
2021-09-14,57861.64,58790.17,59672.34,58601.13,59105.23,4353616
2021-09-15,58046.7,59105.23,59483.3,58790.17,59294.27,3391577
2021-09-16,58416.81,59483.3,59861.38,59357.28,59672.34,3854346
2021-09-17,59033.68,60176.43,61121.61,60113.42,60302.46,7251002
2021-09-20,58231.75,60491.49,60617.52,59294.27,59483.3,4387102
2021-09-21,57676.58,58853.18,59231.25,58286.07,58916.2,4629278
2021-09-22,57491.52,58727.16,58853.18,58412.1,58727.16,4050499
2021-09-23,57429.83,58727.16,59105.23,58601.13,58664.14,3331906
2021-09-24,57183.09,58727.16,58727.16,58412.1,58412.1,2363042
2021-09-27,56812.98,58538.12,58916.2,58034.03,58034.03,3479814
2021-09-28,57368.15,57781.98,58601.13,57655.95,58601.13,4273790
2021-09-29,57491.52,58601.13,58853.18,58160.05,58727.16,2630769
2021-09-30,57368.15,58916.2,59168.24,58601.13,58601.13,1613819
2021-10-01,57306.46,58538.12,58664.14,58286.07,58538.12,6131194
2021-10-04,58355.13,58601.13,59987.4,58223.06,59609.32,5130929
2021-10-05,58231.75,59861.38,60491.49,59483.3,59483.3,2946678
2021-10-06,58231.75,59546.31,59672.34,59042.22,59483.3,3528534
2021-10-07,58170.07,59798.36,59861.38,59294.27,59420.29,2534438
2021-10-08,61007.63,59861.38,62696.91,59483.3,62318.84,13751195
2021-10-11,61192.69,62381.85,62570.89,61940.77,62507.88,4028916
2021-10-12,61069.32,62507.88,62507.88,62066.79,62381.85,7834125
2021-10-13,61316.07,62381.85,63957.15,62066.79,62633.9,5967278
2021-10-14,60945.95,62633.9,63011.97,62003.78,62255.83,3947503
2021-10-15,61007.63,62633.9,63074.98,62003.78,62318.84,2701866
2021-10-18,61069.32,62381.85,63011.97,62129.8,62381.85,3974006
2021-10-19,60822.58,62381.85,62696.91,62129.8,62129.8,3224624
2021-10-20,60205.71,62192.82,62696.91,60869.57,61499.68,3565829
2021-10-21,59650.54,62003.78,62066.79,60932.58,60932.58,3833556
2021-10-22,59342.11,61121.61,61373.66,60554.5,60617.52,4446614
2021-10-25,58540.19,60617.52,60617.52,59798.36,59798.36,5703557
2021-10-26,59773.91,59861.38,61058.6,59420.29,61058.6,3233829
2021-10-27,60575.83,60995.59,61877.76,60806.55,61877.76,11045519
2021-10-28,60452.46,61877.76,62003.78,61247.64,61751.73,2673141
2021-10-29,59773.91,61751.73,61751.73,61058.6,61058.6,4299341
2021-11-01,59095.36,61373.66,61373.66,60239.45,60365.47,5207739
2021-11-02,59280.42,60176.43,61121.61,60176.43,60554.5,3423158
2021-11-03,59280.42,60617.52,60932.58,59987.4,60554.5,4412811
2021-11-04,59218.73,60554.5,60995.59,60302.46,60491.49,3239066
2021-11-05,60205.71,60617.52,61625.71,60491.49,61499.68,3503936
2021-11-08,60082.34,61499.68,62066.79,61310.65,61373.66,2840411
2021-11-09,59465.48,61436.67,61499.68,60491.49,60743.54,3375230
2021-11-10,59835.6,60743.54,61121.61,60428.48,61121.61,3059100
2021-11-11,59218.73,61121.61,61751.73,60365.47,60491.49,4226973
2021-11-12,60452.46,60617.52,61877.76,60428.48,61751.73,3763093
2021-11-15,60020.66,62066.79,62066.79,61310.65,61310.65,3165430
2021-11-16,60637.52,61310.65,62696.91,60995.59,61940.77,6515586
2021-11-17,60637.52,61940.77,62003.78,61751.73,61940.77,3486004
2021-11-18,59527.17,61940.77,62192.82,60806.55,60806.55,4510253
2021-11-19,58786.93,61436.67,61625.71,59924.39,60050.41,5117757
2021-11-22,58601.88,60176.43,60491.49,59861.38,59861.38,2967848
2021-11-23,59588.85,59861.38,60869.57,59798.36,60869.57,4147108
2021-11-24,60390.77,60932.58,62003.78,60743.54,61688.72,4612641
2021-11-25,61686.18,62066.79,64146.19,61940.77,63011.97,9790202
2021-11-26,61007.63,63074.98,63516.07,62255.83,62318.84,3167968
2021-11-29,60514.15,61436.67,62318.84,61436.67,61814.75,4550721
2021-11-30,59897.28,61814.75,62066.79,61121.61,61184.62,4099379
2021-12-01,60575.83,61436.67,62129.8,60932.58,61877.76,1991526
2021-12-02,59958.97,61499.68,61940.77,61247.64,61247.64,1845513
2021-12-03,58910.3,61625.71,61625.71,60176.43,60176.43,3189393
2021-12-06,58293.45,60176.43,60806.55,59357.28,59546.31,5106648
2021-12-07,59218.73,59861.38,60491.49,59546.31,60491.49,2302578
2021-12-08,58971.99,60806.55,60806.55,59861.38,60239.45,1825526
2021-12-09,59835.6,59924.39,61121.61,59924.39,61121.61,1855043
2021-12-10,59095.36,60743.54,61121.61,60113.42,60365.47,2578715
2021-12-13,59218.73,60806.55,60806.55,60239.45,60491.49,1704124
2021-12-14,59033.68,60491.49,60743.54,60113.42,60302.46,3452518
2021-12-15,59157.05,60302.46,60680.53,60239.45,60428.48,4645942
2021-12-16,58910.3,61436.67,61436.67,60176.43,60176.43,2797880
2021-12-17,59465.48,60239.45,61121.61,60176.43,60743.54,2201644
2021-12-20,59095.36,60806.55,60806.55,60176.43,60365.47,2907383
2021-12-21,58725.25,60302.46,60428.48,59924.39,59987.4,2716494
2021-12-22,58601.88,59861.38,60113.42,59609.32,59861.38,3498541
2021-12-23,57491.52,59861.38,59861.38,58601.13,58727.16,5788514
2021-12-24,57861.64,58916.2,59546.31,58475.11,59105.23,1936615
2021-12-27,58293.45,59357.28,59861.38,58790.17,59546.31,1687773
2021-12-28,58293.45,59546.31,59798.36,59294.27,59546.31,1903764
2021-12-29,57738.27,59735.35,59735.35,58979.21,58979.21,1447661
2021-12-30,57738.27,59042.22,59420.29,58916.2,58979.21,1946772
2021-12-31,57368.15,59105.23,59483.3,58601.13,58601.13,2746779
2022-01-04,57676.58,58853.18,59357.28,58790.17,58916.2,3410779
2022-01-05,57738.27,59042.22,59357.28,58916.2,58979.21,2840411
2022-01-06,57676.58,58979.21,59231.25,58916.2,58916.2,3657558
2022-01-07,57614.89,58664.14,59042.22,58664.14,58853.18,2154828
2022-01-10,56751.29,58727.16,58916.2,57908.0,57971.02,4553737
2022-01-11,55209.13,57971.02,58097.04,56143.67,56395.71,4358377
2022-01-12,55270.82,56143.67,57088.85,55765.59,56458.73,3555990
2022-01-13,56812.98,57277.88,58412.1,56584.75,58034.03,3091158
2022-01-14,56319.48,57781.98,58034.03,57277.88,57529.93,1438773
2022-01-17,54900.7,57025.84,57529.93,56080.66,56080.66,3130515
2022-01-18,54345.53,55639.57,56458.73,55450.54,55513.55,2066114
2022-01-19,54468.9,55513.55,56206.68,55450.54,55639.57,1261505
2022-01-20,54777.33,55702.58,57340.89,55639.57,55954.63,2151337
2022-01-21,54407.21,56080.66,56584.75,55576.56,55576.56,1471942
2022-01-24,52618.31,55576.56,55765.59,53560.18,53749.21,6080113
2022-01-25,53358.55,53686.2,55135.48,52930.06,54505.36,4511205
2022-01-26,53050.12,54820.41,54820.41,53875.23,54190.3,2459849
2022-01-27,52988.43,54190.3,54631.38,53812.22,54127.29,1229130
2022-01-28,55209.13,54190.3,56395.71,54127.29,56395.71,3150512
2022-02-07,55209.13,56710.77,56773.79,56080.66,56395.71,1538119
2022-02-08,55887.68,56395.71,57844.99,56395.71,57088.85,1341172
2022-02-09,55949.37,57781.98,57781.98,57088.85,57151.86,2130864
2022-02-10,56751.29,57592.94,57971.02,56836.8,57971.02,1777280
2022-02-11,56504.54,57844.99,58223.06,57592.94,57718.96,1752364
2022-02-14,56134.43,57340.89,57718.96,56962.82,57340.89,1228496
2022-02-15,56196.11,57340.89,57781.98,57025.84,57403.91,1040119
2022-02-16,56319.48,57781.98,58286.07,57529.93,57529.93,1293722
2022-02-17,57244.78,57908.0,58475.11,57340.89,58475.11,1446391
2022-02-18,56874.66,58160.05,58286.07,57781.98,58097.04,982035
2022-02-21,57676.58,58097.04,59231.25,57971.02,58916.2,2199581
2022-02-22,57306.46,58601.13,58790.17,57971.02,58538.12,2134038
2022-02-23,57368.15,58349.09,59168.24,58349.09,58601.13,1543832
2022-02-24,56751.29,58601.13,58916.2,56710.77,57971.02,2138641
2022-02-25,56936.35,58223.06,58853.18,58034.03,58160.05,1682060
2022-02-28,57553.21,58160.05,58916.2,58160.05,58790.17,2477941
2022-03-01,57614.89,59231.25,59231.25,58286.07,58853.18,1748714
2022-03-02,57429.83,58601.13,58853.18,58412.1,58664.14,2139910
2022-03-03,57614.89,58727.16,59231.25,58727.16,58853.18,2271741
2022-03-04,57676.58,58790.17,59105.23,58601.13,58916.2,2132610
2022-03-07,57861.64,58664.14,59168.24,58097.04,59105.23,3047515
2022-03-08,58478.5,59105.23,60113.42,58349.09,59735.35,4645942
2022-03-09,58910.3,59609.32,60806.55,59609.32,60176.43,5765094
2022-03-10,58355.13,60680.53,60680.53,59609.32,59609.32,2490796
2022-03-11,57491.52,59546.31,59609.32,58412.1,58727.16,2441757
2022-03-14,56627.92,58601.13,58601.13,57025.84,57844.99,3723418
2022-03-15,56134.43,57844.99,57844.99,56584.75,57340.89,6111536
2022-03-16,56504.54,57403.91,58160.05,57025.84,57718.96,5024282
2022-03-17,56751.29,57844.99,58412.1,57655.95,57971.02,4367899
2022-03-18,58663.56,58601.13,60869.57,58601.13,59924.39,4467563
2022-03-21,58786.93,59987.4,60491.49,59861.38,60050.41,3182251
2022-03-22,59465.48,60491.49,61121.61,60113.42,60743.54,3299690
2022-03-23,59527.17,60806.55,61436.67,60491.49,60806.55,3230813
2022-03-24,59218.73,60491.49,61247.64,60050.41,60491.49,2956739
2022-03-25,59033.68,60554.5,60806.55,60239.45,60302.46,2208309
2022-03-28,60514.15,60176.43,62192.82,59987.4,61814.75,6857941
2022-03-29,64708.81,62129.8,66099.56,62129.8,66099.56,13438715
2022-03-30,65387.35,66666.66,67611.84,65847.51,66792.69,4970483
2022-03-31,66004.22,66477.63,69691.24,65910.52,67422.81,6114393
2022-04-01,68471.66,67359.8,69943.29,66855.7,69943.29,7338287
2022-04-04,67423.0,71518.59,71518.59,68872.09,68872.09,5189806
2022-04-05,67237.94,68746.06,70321.36,68683.05,68683.05,4878119
2022-04-06,69705.39,68304.98,71833.65,68304.98,71203.53,7553960
2022-04-07,69890.44,71644.61,73660.99,70636.42,71392.56,8603444
2022-04-08,66929.51,71392.56,71770.63,68367.99,68367.99,10473406
2022-04-12,67731.43,68683.05,70258.35,67170.77,69187.15,5837778
2022-04-13,71000.8,69313.17,72526.78,69187.15,72526.78,5576082
2022-04-14,71926.09,72589.79,74921.23,72589.79,73471.96,8569482
2022-04-15,70939.11,72526.78,74291.12,71833.65,72463.77,6466231
2022-04-18,71247.55,72463.77,74732.2,71833.65,72778.83,6104871
2022-04-19,69088.52,73408.95,73724.01,70573.41,70573.41,13008601
2022-04-20,69088.52,70573.41,71203.53,69061.12,70573.41,5314862
2022-04-21,69088.52,70069.31,73030.88,70069.31,70573.41,7055166
2022-04-22,68533.35,70888.47,71770.63,66792.69,70006.3,18850702
2022-04-25,63783.52,69376.18,69880.27,65154.38,65154.38,9552984
2022-04-26,64338.69,63138.0,66162.57,61121.61,65721.48,8787853
2022-04-27,63536.77,64587.27,65532.45,63327.03,64902.33,5017617
2022-04-28,65078.93,64839.32,67296.79,64587.27,66477.63,4995082
2022-04-29,64770.49,66162.57,67485.82,65658.48,66162.57,6366249
2022-05-04,64462.06,66099.56,66729.68,65595.46,65847.51,3330160
2022-05-05,64585.43,65910.52,66477.63,64209.2,65973.53,3894338
2022-05-06,61809.55,64461.25,65532.45,63138.0,63138.0,5133151
2022-05-09,57985.01,61940.77,62381.85,59231.25,59231.25,8028790
2022-05-10,60699.2,59231.25,62255.83,57971.02,62003.78,5927920
2022-05-11,62858.22,61751.73,64209.2,60995.59,64209.2,3662002
2022-05-12,58971.99,62570.89,64209.2,59861.38,60239.45,6785535
2022-05-13,57738.27,60554.5,62381.85,58664.14,58979.21,6643340
2022-05-16,57491.52,61436.67,61436.67,58727.16,58727.16,2762807
2022-05-17,61501.12,58601.13,62822.94,58286.07,62822.94,3246684
2022-05-18,60267.4,62822.94,63074.98,61436.67,61562.7,3196851
2022-05-19,59835.6,59924.39,61562.7,59924.39,61121.61,4057482
2022-05-20,60144.03,61562.7,62318.84,61121.61,61436.67,2285914
2022-05-23,59527.17,61877.76,61877.76,60554.5,60806.55,2131908
2022-05-24,60575.83,60806.55,61877.76,60491.49,61877.76,2229258
2022-05-25,64770.49,62696.91,66162.57,62192.82,66162.57,5984259
2022-05-26,65140.61,66288.59,67485.82,65910.52,66540.64,2803276
2022-05-27,68965.15,66540.64,70573.41,66477.63,70447.38,7133723
2022-05-30,68656.73,70006.3,70825.45,68809.07,70132.33,17452238
2022-05-31,67793.12,70132.33,70132.33,67737.87,69250.16,4531360
2022-06-01,68965.15,69250.16,71140.52,69187.15,70447.38,5317084
2022-06-02,68780.09,71077.51,72337.74,70006.3,70258.35,4386308
2022-06-03,70322.25,70258.35,71833.65,69880.27,71833.65,4158098
2022-06-06,69705.39,71833.65,73093.89,70573.41,71203.53,5264713
2022-06-07,71309.23,71014.49,72841.84,68431.0,72841.84,9564054
2022-06-08,70939.11,73282.92,74102.08,72148.71,72463.77,4853997
2022-06-09,71124.17,72778.83,73030.88,71392.56,72652.8,3833239
2022-06-10,67854.8,71455.58,72274.73,69313.17,69313.17,6555261
2022-06-13,63808.19,66540.64,68657.84,65028.36,65179.59,5072580
2022-06-14,65954.87,65028.36,67977.31,64650.29,67372.4,3829166
2022-06-15,66991.2,68506.62,68506.62,66540.64,68431.0,3791210
2022-06-16,68101.55,68809.07,70926.27,68204.16,69565.22,4479968
2022-06-17,68101.55,68279.77,70018.91,67296.79,69565.22,5324781
2022-06-20,68101.55,70699.43,71455.58,69035.91,69565.22,3527767
2022-06-21,65954.87,69867.67,70699.43,67296.79,67372.4,4217187
2022-06-22,62549.79,67901.7,68355.39,63818.53,63894.14,4663531
2022-06-23,63290.03,63516.07,65633.27,63289.23,64650.29,4525758
2022-06-24,63290.03,65103.97,66389.41,64650.29,64650.29,1231775
2022-06-27,64030.25,65330.81,66465.03,64952.74,65406.43,3331509
2022-06-28,66399.01,67674.86,68204.16,65935.73,67826.09,5128919
2022-06-29,66621.08,67221.17,68052.93,66691.88,68052.93,3714637
2022-06-30,63808.19,67674.86,67977.31,65179.59,65179.59,2679648
2022-07-01,65140.61,65784.5,67145.55,64120.98,66540.64,3658696
2022-07-04,64178.3,66918.71,66918.71,65028.36,65557.66,1329773
2022-07-05,63216.0,66389.41,66389.41,64574.67,64574.67,2807402
2022-07-06,61809.55,63591.68,64952.74,63138.0,63138.0,4967838
2022-07-07,61513.46,63440.45,63969.75,62835.54,62835.54,3288395
2022-07-08,61883.58,63440.45,63516.07,62835.54,63213.61,2562343
2022-07-11,61291.39,63969.75,63969.75,62608.7,62608.7,1849912
2022-07-12,61809.55,62608.7,63138.0,62533.08,63138.0,1214451
2022-07-13,61069.32,63516.07,63516.07,62381.85,62381.85,2333814
2022-07-14,61291.39,62608.7,63138.0,62155.01,62608.7,2914128
2022-07-15,60847.25,63516.07,63516.07,62155.01,62155.01,2383408
2022-07-18,61439.44,62608.7,63894.14,62230.62,62759.93,1805080
2022-07-19,61439.44,62684.31,62759.93,62155.01,62759.93,3098352
2022-07-20,62845.89,64272.21,64952.74,63516.07,64196.6,5513871
2022-07-21,62919.91,64952.74,64952.74,63894.14,64272.21,3322913
2022-07-22,62993.93,65330.81,65406.43,64347.82,64347.82,2897067
2022-07-25,63216.0,65784.5,65784.5,64347.82,64574.67,2970202
2022-07-26,62771.86,65028.36,65028.36,64120.98,64120.98,1904928
2022-07-27,63067.96,63969.75,64423.44,63818.53,64423.44,1681202
2022-07-28,62845.89,64423.44,64877.12,62835.54,64196.6,3089227
2022-07-29,61809.55,64347.82,64423.44,63138.0,63138.0,2835174
2022-08-01,62179.67,63516.07,63667.3,62835.54,63516.07,3179421
2022-08-02,62919.91,63516.07,64347.82,63138.0,64272.21,2485903
2022-08-03,62771.86,64272.21,64423.44,63667.3,64120.98,3231924
2022-08-04,63734.16,64347.82,65482.04,64196.6,65103.97,4363587
2022-08-05,63512.09,65103.97,65935.73,64725.9,64877.12,3008818
2022-08-08,63660.14,64952.74,65330.81,64499.05,65028.36,2208838
2022-08-09,63808.19,65028.36,66162.57,64801.51,65179.59,3666631
2022-08-10,63660.14,65255.2,65557.66,65028.36,65028.36,1572584
2022-08-11,63660.14,65179.59,65633.27,64801.51,65028.36,3353594
2022-08-12,64030.25,64801.51,65406.43,64801.51,65406.43,1717265
2022-08-15,65806.82,65482.04,67372.4,65482.04,67221.17,4403924
2022-08-16,65658.78,67221.17,67599.24,66616.26,67069.95,1872394
2022-08-17,65362.68,67296.79,67372.4,66540.64,66767.48,1991949
2022-08-18,65362.68,66465.03,67826.09,66465.03,66767.48,4434209
2022-08-19,64326.35,66540.64,66918.71,65179.59,65708.88,2779365
2022-08-22,64252.33,65482.04,66011.34,64952.74,65633.27,2198126
2022-08-23,64400.38,65103.97,65784.5,65103.97,65784.5,1472339
2022-08-24,63808.19,65406.43,65633.27,65103.97,65179.59,1411106
2022-08-25,63882.21,65179.59,65557.66,65028.36,65255.2,1540447
2022-08-26,64548.42,65330.81,66389.41,65255.2,65935.73,2587603
2022-08-29,64030.25,65784.5,65784.5,64045.37,65406.43,3360603
2022-08-30,63956.23,65406.43,65784.5,65028.36,65330.81,1723481
2022-08-31,64104.28,64877.12,65784.5,64877.12,65482.04,1785506
2022-09-05,63808.19,65406.43,65557.66,64952.74,65179.59,1469165
2022-09-06,63512.09,65028.36,65330.81,64877.12,64877.12,2107932
2022-09-07,62179.67,64650.29,64952.74,63516.07,63516.07,3065818
2022-09-08,62401.74,63591.68,64272.21,63364.84,63742.91,1718984
2022-09-09,62401.74,63969.75,64272.21,63742.91,63742.91,1514790
2022-09-12,62623.81,64347.82,64423.44,63742.91,63969.75,1014356
2022-09-13,62623.81,64272.21,64499.05,63742.91,63969.75,1689759
2022-09-14,62179.67,63138.0,63894.14,63138.0,63516.07,1950556
2022-09-15,61957.61,63894.14,63894.14,63289.23,63289.23,1269070
2022-09-16,61069.32,63289.23,63440.45,62381.85,62381.85,1798732
2022-09-19,61513.46,62381.85,63213.61,61928.17,62835.54,2689567
2022-09-20,61735.54,62835.54,63364.84,62230.62,63062.38,2613656
2022-09-21,60921.27,62986.77,62986.77,62230.62,62230.62,1025465
2022-09-22,61365.41,62003.78,62759.93,61928.17,62684.31,1576948
2022-09-23,60995.3,62835.54,62835.54,62079.39,62306.24,1573509
2022-09-26,60329.09,61625.71,62003.78,60718.34,61625.71,2809439
2022-09-27,59588.85,62003.78,62003.78,60869.57,60869.57,1458585
2022-09-28,57738.27,60567.11,60793.95,58979.21,58979.21,3129167
2022-09-29,56998.04,60340.27,60567.11,58223.06,58223.06,1724407
2022-09-30,59588.85,58223.06,61096.41,58147.45,60869.57,3996462
2022-10-03,56998.04,60189.04,60718.34,57769.38,58223.06,2998504
2022-10-04,57368.15,58979.21,59735.35,58374.29,58601.13,2732284
2022-10-05,58034.36,59735.35,60113.42,59281.66,59281.66,1410888
2022-10-06,56627.92,59659.73,59659.73,57844.99,57844.99,1675209
2022-10-07,54777.33,57618.15,57618.15,55954.63,55954.63,2822214
2022-10-10,54777.33,55576.56,57088.85,54517.96,55954.63,2374415
2022-10-11,52556.63,55954.63,55954.63,53686.2,53686.2,2790077
2022-10-12,53592.95,53686.2,55425.33,53686.2,54744.8,1934949
2022-10-13,54037.1,54593.57,55198.49,54064.27,55198.49,1268541
2022-10-14,54777.33,56257.09,56332.7,55652.18,55954.63,1116454
2022-10-17,54629.29,55576.56,55879.02,54896.03,55803.4,966641
2022-10-18,55443.54,55954.63,56937.62,55954.63,56635.16,1190645
2022-10-19,55887.68,56635.16,57618.15,56483.93,57088.85,2336459
2022-10-20,57590.22,57315.69,59357.28,56937.62,58827.98,2404172
2022-10-21,54703.3,58752.36,58752.36,55879.02,55879.02,3313391
2022-10-24,52630.65,55879.02,56332.7,53686.2,53761.82,4250779
2022-10-25,54185.14,53988.66,56332.7,53761.82,55349.71,2069182
2022-10-26,54629.29,56332.7,56332.7,54971.64,55803.4,892819
2022-10-27,56109.75,56030.25,57618.15,55727.79,57315.69,1277402
2022-10-28,55517.57,57693.76,57693.76,56483.93,56710.77,1224369
2022-10-31,55961.71,56710.77,57466.92,55727.79,57164.46,1434515
2022-11-01,55887.68,57693.76,58071.83,56710.77,57088.85,808708
2022-11-02,54777.33,56862.0,57466.92,55954.63,55954.63,1293669
2022-11-03,54851.36,56332.7,57240.07,55727.79,56030.25,889248
2022-11-04,53963.07,55954.63,55954.63,54064.27,55122.88,3600241
2022-11-07,53741.0,54896.03,55954.63,54896.03,54896.03,2692609
2022-11-08,54259.17,54064.27,55879.02,53988.66,55425.33,2201961
2022-11-09,54777.33,55425.33,56181.47,55425.33,55954.63,1187207
2022-11-10,54037.1,55576.56,55727.79,52249.53,55198.49,3952423
2022-11-11,53889.05,55274.1,55652.18,54442.34,55047.26,1913392
2022-11-14,52408.58,54442.34,54744.8,52930.06,53534.97,2167576
2022-11-15,48781.43,52930.06,52930.06,49829.87,49829.87,12046583
2022-11-16,51298.23,46351.61,52930.06,46351.61,52400.76,4388054
2022-11-17,52556.63,52400.76,54442.34,48771.27,53686.2,2754105
2022-11-18,52926.75,53005.67,54442.34,52325.14,54064.27,1668597
2022-11-21,51890.42,52551.98,54291.12,52551.98,53005.67,1111560
2022-11-22,52186.51,52930.06,54442.34,52249.53,53308.13,1582106
2022-11-23,52186.51,52930.06,53686.2,52703.21,53308.13,616152
2022-11-24,52186.51,52778.83,53686.2,52476.37,53308.13,1211938
2022-11-25,53296.86,53383.74,54442.34,53308.13,54442.34,1940636
2022-11-28,54999.4,54744.8,56332.7,54669.19,56181.47,1697824
2022-11-29,54999.4,56635.16,56635.16,55198.49,56181.47,1512674
2022-11-30,55221.47,56332.7,56635.16,55576.56,56408.32,1386640
2022-12-01,55295.5,56786.39,57315.69,56030.25,56483.93,2349420
2022-12-02,57294.13,56483.93,58752.36,55954.63,58525.52,3837100
2022-12-05,57960.34,58979.21,59735.35,58525.52,59206.05,1608688
2022-12-06,56257.8,59206.05,59659.73,57466.92,57466.92,2033607
2022-12-07,56627.92,57391.3,57920.61,56559.55,57844.99,1453162
2022-12-08,56998.04,58147.45,59584.12,57164.46,58223.06,1717530
2022-12-09,57738.27,57693.76,58979.21,57618.15,58979.21,1305968
2022-12-12,56998.04,58676.75,59130.43,57769.38,58223.06,3359810
2022-12-13,57146.08,57618.15,58449.91,56862.0,58374.29,1189852
2022-12-14,56479.87,58374.29,58601.13,57542.53,57693.76,2335666
2022-12-15,57516.2,57769.38,59054.82,57769.38,58752.36,1583693
2022-12-16,57664.24,58223.06,58979.21,57769.38,58903.59,1490325
2022-12-19,56701.94,59206.05,59206.05,57920.61,57920.61,1357148
2022-12-20,56701.94,58374.29,58374.29,57013.23,57920.61,1112486
2022-12-21,57146.08,58374.29,58525.52,57240.07,58374.29,1127081
2022-12-22,57146.08,58374.29,58601.13,57466.92,58374.29,1372489
2022-12-23,57738.27,57769.38,58979.21,57618.15,58979.21,2410916
2022-12-26,56553.89,58752.36,59054.82,57769.38,57769.38,1100980
2022-12-27,56627.92,57769.38,58601.13,57466.92,57844.99,2100943
2022-12-28,56775.96,58223.06,58223.06,57466.92,57996.22,779216
2022-12-29,56405.85,57844.99,58223.06,57618.15,57618.15,1179028
2022-12-30,56924.01,57618.15,58147.45,57466.92,58147.45,1492573
2023-01-03,59218.73,58147.45,60491.49,58071.83,60491.49,2030301
2023-01-04,59218.73,61096.41,61247.64,59962.19,60491.49,1050461
2023-01-05,59662.88,60642.72,61625.71,60642.72,60945.18,1339162
2023-01-06,59440.8,60793.95,61323.25,60642.72,60718.34,951406
2023-01-09,59440.8,60869.57,61172.02,60415.88,60718.34,686244
2023-01-10,59514.83,61020.79,61474.48,60642.72,60793.95,5349511
2023-01-11,59884.95,60793.95,61701.32,60793.95,61172.02,1424199
2023-01-12,59736.9,61247.64,61625.71,60642.72,61020.79,757130
2023-01-13,59218.73,60869.57,61398.87,60491.49,60491.49,1321177
2023-01-16,59810.93,60567.11,61247.64,60264.65,61096.41,759775
2023-01-17,60699.2,61398.87,62003.78,61247.64,62003.78,1432002
2023-01-18,61735.54,62079.39,63062.38,61852.55,63062.38,1463875
2023-01-19,62105.65,62759.93,63667.3,62684.31,63440.45,2011700
2023-01-27,62179.67,63591.68,64650.29,63516.07,63516.07,1594273
2023-01-30,61957.61,63667.3,63818.53,63289.23,63289.23,1209954
2023-01-31,61809.55,63138.0,63289.23,61776.94,63138.0,2280518
2023-02-01,60699.2,63516.07,63516.07,61852.55,62003.78,1412826
2023-02-02,60625.18,62079.39,62306.24,61474.48,61928.17,2983559
2023-02-03,59292.76,62003.78,62003.78,60567.11,60567.11,2619739
2023-02-06,59588.85,60491.49,61701.32,60264.65,60869.57,1343293
2023-02-07,59736.9,60869.57,61928.17,60869.57,61020.79,1077440
2023-02-08,60107.02,61096.41,61776.94,60945.18,61398.87,1179140
2023-02-09,59736.9,61247.64,61701.32,61020.79,61020.79,4616185
2023-02-10,59736.9,61323.25,61398.87,60869.57,61020.79,3533485
2023-02-13,59736.9,61020.79,61398.87,60491.49,61020.79,2791400
2023-02-14,59810.93,61020.79,61247.64,60642.72,61096.41,1039188
2023-02-15,60403.11,60869.57,61928.17,60718.34,61701.32,6679417
2023-02-16,60403.11,61701.32,62003.78,61020.79,61701.32,561003
2023-02-17,60403.11,61398.87,61701.32,61247.64,61701.32,724200
2023-02-20,61291.39,61701.32,62759.93,61550.09,62608.7,2287792
2023-02-21,61291.39,62608.7,63289.23,62457.47,62608.7,1110899
2023-02-22,60551.16,62230.62,62381.85,61852.55,61852.55,1384921
2023-02-23,60255.06,61776.94,61776.94,60945.18,61550.09,13899289
2023-02-24,59810.93,61323.25,61474.48,60793.95,61096.41,1151765
2023-02-27,59440.8,60491.49,60869.57,60415.88,60718.34,1435441
2023-02-28,59588.85,60491.49,61020.79,60113.42,60869.57,1273434
2023-03-01,59588.85,60113.42,60869.57,59508.51,60869.57,1967615
2023-03-02,59218.73,60491.49,60869.57,60340.27,60491.49,2244391
2023-03-03,58108.38,59962.19,60491.49,59357.28,59357.28,979707
2023-03-06,57886.31,59054.82,60340.27,59054.82,59130.43,1117776
2023-03-07,58330.46,59810.96,60415.88,59584.12,59584.12,1191439
2023-03-08,58848.62,59357.28,60113.42,59357.28,60113.42,1421819
2023-03-09,59662.88,60113.42,61020.79,59886.58,60945.18,1683806
2023-03-10,58848.62,60642.72,60793.95,59735.35,60113.42,847589
2023-03-13,58404.48,59054.82,60037.81,59054.82,59659.73,1172395
2023-03-14,58256.43,59735.35,59810.96,59357.28,59508.51,922311
2023-03-15,59588.85,59810.96,60869.57,59810.96,60869.57,1719513
2023-03-16,58626.55,60491.49,60491.49,59281.66,59886.58,1589909
2023-03-17,58478.5,60189.04,60491.49,59432.89,59735.35,567880
2023-03-20,57442.18,59810.96,59962.19,58676.75,58676.75,1873906
2023-03-21,57812.29,59432.89,59508.51,58298.68,59054.82,1268903
2023-03-22,58108.38,59130.43,59432.89,58676.75,59357.28,1272958
2023-03-23,57738.27,59281.66,59357.28,58676.75,58979.21,603853
2023-03-24,58182.41,59206.05,59584.12,58979.21,59432.89,516699
2023-03-27,58552.53,59659.73,59886.58,59357.28,59810.96,1399574
2023-03-28,58626.55,59886.58,59886.58,58601.13,59886.58,2130811
2023-03-29,58478.5,59886.58,59962.19,59432.89,59735.35,1124521
2023-03-30,58552.53,59735.35,59962.19,59584.12,59810.96,1280444
2023-03-31,58552.53,59810.96,60113.42,59735.35,59810.96,2305910
2023-04-03,59884.95,60037.81,61172.02,59810.96,61172.02,1574038
2023-04-04,59588.85,61172.02,61247.64,60491.49,60869.57,773133
2023-04-05,59662.88,60869.57,60945.18,60264.65,60945.18,558094
2023-04-06,59440.8,61020.79,61625.71,60718.34,60718.34,837024
2023-04-07,59588.85,60642.72,61020.79,60491.49,60869.57,5711053
2023-04-10,59440.8,61247.64,61247.64,60567.11,60718.34,1018059
2023-04-11,59440.8,60642.72,60869.57,60567.11,60718.34,706214
2023-04-12,59440.8,60718.34,60869.57,60415.88,60718.34,844023
2023-04-13,58922.64,60718.34,60793.95,59962.19,60189.04,741260
2023-04-14,58922.64,60415.88,60567.11,59962.19,60189.04,743905
2023-04-17,58922.64,60189.04,60264.65,59735.35,60189.04,824076
2023-04-18,58774.6,60189.04,60491.49,59886.58,60037.81,440259
2023-04-19,58700.57,60340.27,60340.27,59962.19,59962.19,555184
2023-04-20,58774.6,60340.27,60340.27,59886.58,60037.81,481918
2023-04-21,58700.57,60491.49,60491.49,59962.19,59962.19,506781
2023-04-24,58552.53,60113.42,60945.18,59735.35,59810.96,1050725
2023-04-25,58034.36,59810.96,59962.19,59206.05,59281.66,1265949
2023-04-26,57960.34,59054.82,59281.66,58676.75,59206.05,1706949
2023-04-27,57960.34,59054.82,59584.12,59054.82,59206.05,292272
2023-04-28,57368.15,59584.12,59584.12,58601.13,58601.13,1264311
2023-05-04,58108.38,58827.98,59508.51,58676.75,59357.28,3205563
2023-05-05,58034.36,59432.89,59432.89,59130.43,59281.66,422141
2023-05-08,58108.38,59357.28,59659.73,59281.66,59357.28,1075060
2023-05-09,58404.48,59432.89,60340.27,59432.89,59659.73,801302
2023-05-10,58478.5,59735.35,60189.04,59735.35,59735.35,836480
2023-05-11,58552.53,59810.96,60189.04,59735.35,59810.96,662572
2023-05-12,59588.85,59962.19,60945.18,59584.12,60869.57,1643999
2023-05-15,59958.97,61550.09,61852.55,61096.41,61247.64,1851103
2023-05-16,60329.09,61247.64,61776.94,61096.41,61625.71,1812332
2023-05-17,60329.09,61928.17,62533.08,61323.25,61625.71,1800186
2023-05-18,61365.41,61852.55,62759.93,61550.09,62684.31,2049609
2023-05-19,61291.39,62759.93,62986.77,61852.55,62608.7,2716414
2023-05-22,61069.32,62608.7,62608.7,62003.78,62381.85,792177
2023-05-23,60699.2,62381.85,62381.85,61550.09,62003.78,1513071
2023-05-24,60181.04,62003.78,62079.39,61323.25,61474.48,614036
2023-05-25,61587.48,61398.87,63062.38,61247.64,62911.15,1839993
2023-05-26,61513.46,62835.54,63062.38,62230.62,62835.54,1865253
2023-05-29,61513.46,63138.0,63289.23,62684.31,62835.54,1163270
2023-05-30,62179.67,62759.93,64196.6,62684.31,63516.07,7223494
2023-05-31,62253.7,63667.3,63667.3,62835.54,63591.68,1110106
2023-06-01,61809.55,63516.07,63516.07,62835.54,63138.0,1490854
2023-06-02,62031.62,63138.0,63742.91,62835.54,63364.84,973227
2023-06-05,62919.91,63440.45,64423.44,63364.84,64272.21,2281708
2023-06-06,63141.98,64499.05,64499.05,64045.37,64499.05,679764
2023-06-07,62919.91,64272.21,64574.67,63742.91,64272.21,1695371
2023-06-08,61883.58,64045.37,64196.6,63138.0,63213.61,2508887
2023-06-09,62623.81,63742.91,64045.37,63289.23,63969.75,1261135
2023-06-12,62845.89,63894.14,64196.6,63213.61,64196.6,986188
2023-06-13,62475.77,63818.53,64196.6,63742.91,63818.53,1374210
2023-06-14,62327.72,63742.91,64120.98,63591.68,63667.3,1069372
2023-06-15,62253.7,63667.3,63818.53,63213.61,63591.68,1082597
2023-06-16,62549.79,63591.68,65179.59,63062.38,63894.14,3215658
2023-06-19,62697.84,64045.37,64650.29,63894.14,64045.37,969656
2023-06-20,63290.03,64272.21,64877.12,64045.37,64650.29,2071431
2023-06-21,63512.09,64650.29,65330.81,64574.67,64877.12,3524797
2023-06-22,63290.03,65103.97,65406.43,64045.37,64650.29,1348552
2023-06-23,62993.93,64725.9,64725.9,64120.98,64347.82,2058867
2023-06-26,63512.09,64347.82,64877.12,63969.75,64877.12,2300888
2023-06-27,64622.45,65028.36,66011.34,65028.36,66011.34,2298240
2023-06-28,64400.38,66086.95,66389.41,65784.5,65784.5,1695179
2023-06-29,64030.25,65784.5,65860.12,65406.43,65406.43,1688963
2023-06-30,63660.14,65406.43,65482.04,65028.36,65028.36,1578403
2023-07-03,63956.23,65406.43,65633.27,65028.36,65330.81,1909888
2023-07-04,64400.38,65330.81,65784.5,65179.59,65784.5,1756412
2023-07-05,63674.95,65304.35,66521.74,65043.48,65043.48,2886752
2023-07-06,63504.69,65043.48,65391.3,64347.82,64869.57,2072184
2023-07-07,64100.58,64521.74,65652.17,64521.74,65478.26,1380804
2023-07-10,64100.58,65478.26,66000.0,65130.43,65478.26,1690844
2023-07-11,63845.2,65478.26,65565.22,65217.39,65217.39,2369231
2023-07-12,64100.58,65217.39,65826.09,65130.43,65478.26,1496034
2023-07-13,64526.22,65913.05,65913.05,65565.22,65913.05,1558121
2023-07-14,66654.38,66869.56,68086.95,66173.91,68086.95,3246219
2023-07-17,67250.27,68695.65,68869.56,68260.87,68695.65,1434395
2023-07-18,66994.89,68695.65,68695.65,67913.05,68434.78,1929009
2023-07-19,66824.64,68260.87,68608.7,68086.95,68260.87,1094684
2023-07-20,68356.92,68347.83,70695.65,68260.87,69826.09,2684452
2023-07-21,68952.81,69304.35,70434.78,69217.39,70434.78,1579668
2023-07-24,68952.81,70434.78,70695.65,70086.95,70434.78,7118297
2023-07-25,69208.2,70434.78,71478.26,70434.78,70695.65,1693045
2023-07-26,70399.98,70608.7,71913.05,70521.74,71913.05,1601089
2023-07-27,71251.24,72000.0,73391.3,72000.0,72782.61,2045864
2023-07-28,71847.13,72608.7,73391.3,72260.87,73391.3,1033183
2023-07-31,72868.66,73652.17,74608.7,73391.3,74434.78,1739175
2023-08-01,71932.26,74434.78,75043.48,73478.26,73478.26,1652912
2023-08-02,71080.99,73478.26,73739.13,72608.7,72608.7,1974015
2023-08-03,71251.24,72869.56,73217.39,72086.95,72782.61,1159105
2023-08-04,70910.73,73043.48,73478.26,72434.78,72434.78,2883999
2023-08-07,71932.26,72695.65,73478.26,72434.78,73478.26,865394
2023-08-08,71676.88,73043.48,73565.22,72869.56,73217.39,1041574
2023-08-09,70740.48,73043.48,73652.17,72173.91,72260.87,1692839
2023-08-10,69974.34,72260.87,72434.78,71478.26,71478.26,1602329
2023-08-11,69804.09,71304.35,72173.91,70869.56,71304.35,1475866
2023-08-14,70314.84,71391.3,72347.83,71304.35,71826.09,1166231
2023-08-15,71506.62,71826.09,73304.35,70869.56,73043.48,1972953
2023-08-16,72443.02,72347.83,74086.95,72347.83,74000.0,4836218
2023-08-17,73209.16,73913.05,75826.09,73913.05,74782.61,4982960
2023-08-18,72783.53,74434.78,76434.78,73304.35,74347.83,4926260
2023-08-21,73124.03,74695.65,75391.3,74347.83,74695.65,4289750
2023-08-22,73634.8,75043.48,75217.39,72173.91,75217.39,4386126
2023-08-23,73634.8,75130.44,75478.26,73652.17,75217.39,6166877
2023-08-24,77646.53,74347.83,78347.83,74000.0,78260.87,7253972
2023-08-25,78164.18,77826.09,79130.44,77478.26,78782.61,4233609
2023-08-28,81097.49,80000.0,82000.0,79130.44,81739.13,4099405
2023-08-29,80752.4,81739.13,81739.13,80695.65,81391.3,4101819
2023-08-30,83340.62,81043.48,85391.3,80956.52,84000.0,3675859
2023-08-31,83426.88,84000.0,84782.61,83565.22,84086.95,1890254
2023-09-05,83513.16,84434.78,85826.09,84173.91,84173.91,2292640
2023-09-06,85411.19,84434.78,86086.95,83739.13,86086.95,3146861
2023-09-07,84462.18,86086.95,87652.17,84869.56,85130.44,4187265
2023-09-08,84203.35,84782.61,85652.17,84347.83,84869.56,3030938
2023-09-11,84030.8,85826.09,86521.74,82869.56,84695.65,6761781
2023-09-12,85324.91,84695.65,86000.0,84695.65,86000.0,4613239
2023-09-13,84548.45,86000.0,86086.95,84695.65,85217.39,5492537
2023-09-14,82736.7,85217.39,85217.39,83043.48,83391.3,3662404
2023-09-15,84117.08,83478.26,85043.48,82869.56,84782.61,3223449
2023-09-18,83599.44,84260.87,84260.87,83217.39,84260.87,3046924
2023-09-19,84893.55,84173.91,85565.22,83391.3,85565.22,5055169
2023-09-20,84979.82,85913.05,86695.65,85652.17,85652.17,3063024
2023-09-21,83513.16,85652.17,86000.0,83739.13,84173.91,5149584
2023-09-22,83426.88,82695.65,84347.83,80521.74,84086.95,8979889
2023-09-25,81356.31,84347.83,84869.56,82000.0,82000.0,3623626
2023-09-26,80666.12,81913.05,83043.48,80956.52,81304.35,2953199
2023-09-27,81356.31,81652.17,82000.0,78608.7,82000.0,5980461
2023-09-28,81097.49,81826.09,82000.0,79478.26,81739.13,2422819
2023-09-29,80062.2,81739.13,82521.74,80695.65,80695.65,3946799
2023-10-02,80407.3,81217.39,81565.22,80000.0,81043.48,1826360
2023-10-03,79544.56,80173.91,81304.35,79565.22,80173.91,3275889
2023-10-04,79803.38,79391.3,81217.39,79391.3,80434.78,3114430
2023-10-05,79026.91,80695.65,81130.44,79652.17,79652.17,1700964
2023-10-06,79975.93,79565.22,80695.65,79130.44,80608.7,1540539
2023-10-09,82477.88,80347.83,83130.44,80173.91,83130.44,5720099
2023-10-10,83081.8,83913.05,84521.74,82956.52,83739.13,6679314
2023-10-11,83685.71,83391.3,85217.39,83391.3,84347.83,3354319
2023-10-12,83168.07,84347.83,85043.48,83478.26,83826.09,2529194
2023-10-13,82909.25,83478.26,83739.13,82869.56,83565.22,3415499
2023-10-16,83513.16,84173.91,86000.0,83739.13,84173.91,8018259
2023-10-17,80321.03,85043.48,85043.48,80956.52,80956.52,3154909
2023-10-18,80234.75,82521.74,82521.74,79130.44,80869.56,9088104
2023-10-19,79372.02,81739.13,82000.0,80000.0,80000.0,6901812
2023-10-20,80148.48,80434.78,80869.56,78347.83,80782.61,4448745
2023-10-23,78509.28,81565.22,81565.22,78956.52,79130.44,3506926
2023-10-24,79372.02,80347.83,80347.83,78956.52,80000.0,3074529
2023-10-25,78423.0,79826.09,80608.7,79043.48,79043.48,2956304
2023-10-26,74885.77,76782.61,78173.91,74782.61,75478.26,7013762
2023-10-27,75058.32,76086.95,76521.74,75043.48,75652.17,2846019
2023-10-30,73332.84,75652.17,75739.13,73913.05,73913.05,2285394
2023-10-31,71607.36,74000.0,74173.91,72173.91,72173.91,3550279
2023-11-01,73677.93,73304.35,74260.87,71826.09,74260.87,5810376
2023-11-02,76783.8,75130.44,77391.3,74695.65,77391.3,4300194
2023-11-03,75058.32,77391.3,77565.22,75652.17,75652.17,6266470
2023-11-06,76352.43,76695.65,77304.35,76347.83,76956.52,2295486
2023-11-07,76179.88,76956.52,77217.39,76434.78,76782.61,1541229
2023-11-08,79889.66,76695.65,80521.74,76521.74,80521.74,4785264
2023-11-09,79803.38,80000.0,81130.44,79826.09,80434.78,3462419
2023-11-10,78940.65,79565.22,80608.7,79391.3,79565.22,3395720
2023-11-13,78854.37,79652.17,80000.0,78695.65,79478.26,2310924
2023-11-14,79889.66,80000.0,81217.39,79391.3,80521.74,2562544
2023-11-15,79717.11,81478.26,81565.22,80000.0,80347.83,3391695
2023-11-16,80234.75,80173.91,80869.56,79652.17,80869.56,2824861
2023-11-17,78509.28,81217.39,81304.35,78782.61,79130.44,4428994
2023-11-20,78250.45,78347.83,80521.74,77478.26,78869.56,2546789
2023-11-21,79285.74,80000.0,80000.0,78869.56,79913.05,1901409
2023-11-22,80234.75,79913.05,80956.52,79913.05,80869.56,3903444
2023-11-23,78336.73,81130.44,81478.26,78956.52,78956.52,3026224
2023-11-24,78681.83,78956.52,80000.0,78434.78,79304.35,2876034
2023-11-27,78250.45,79478.26,79478.26,78347.83,78869.56,2509069
2023-11-28,78595.55,78956.52,79913.05,78173.91,79217.39,3631469
2023-11-29,79113.2,79652.17,80000.0,79217.39,79739.13,1075019
2023-11-30,79285.74,79478.26,81478.26,79391.3,79913.05,3277614
2023-12-01,79717.11,80173.91,80782.61,79391.3,80347.83,2156614
2023-12-04,80752.4,80521.74,81739.13,80521.74,81391.3,4227862
2023-12-05,81787.69,81565.22,83304.35,81478.26,82434.78,4222454
2023-12-06,81960.23,82608.7,82956.52,81826.09,82608.7,2422014
2023-12-07,81356.31,82695.65,82869.56,80695.65,82000.0,5797069
2023-12-08,81270.05,82000.0,82695.65,81304.35,81913.05,2258795
2023-12-11,81960.23,83043.48,83217.39,82260.87,82608.7,2095069
2023-12-12,83513.16,82956.52,84173.91,82869.56,84173.91,6098550
2023-12-13,82132.78,84695.65,84695.65,82782.61,82782.61,5397488
2023-12-14,82995.52,83304.35,83826.09,82782.61,83652.17,7045860
2023-12-15,82995.52,83652.17,83739.13,82608.7,83652.17,2747810
2023-12-18,81097.49,83391.3,83652.17,81478.26,81739.13,7543884
2023-12-19,81615.13,81652.17,82260.87,81391.3,82260.87,2485521
2023-12-20,81701.41,82000.0,82608.7,81826.09,82347.83,5768974
2023-12-21,82046.5,82260.87,82695.65,81739.13,82695.65,2279577
2023-12-22,81615.13,82608.7,82695.65,82086.95,82260.87,1979494
2023-12-25,82822.97,82521.74,83652.17,82434.78,83478.26,3150769
2023-12-26,83858.27,83913.05,85739.13,83826.09,84521.74,4933385
2023-12-27,83599.44,84695.65,85043.48,84260.87,84260.87,2635454
2023-12-28,83340.62,84347.83,84347.83,83739.13,84000.0,1829879
2023-12-29,82909.25,84000.0,84347.83,83565.22,83565.22,2805453
2024-01-02,82736.7,84260.87,84260.87,83217.39,83391.3,2550442
2024-01-03,83081.8,83130.44,83913.05,82956.52,83739.13,1792734
2024-01-04,83858.27,83739.13,85565.22,83652.17,84521.74,3450689
2024-01-05,84030.8,84608.7,84782.61,83913.05,84695.65,1726494
2024-01-08,83944.53,84695.65,85478.26,84434.78,84608.7,1786409
2024-01-09,83340.62,84608.7,84608.7,84000.0,84000.0,2087249
2024-01-10,81701.41,84086.95,84260.87,82173.91,82347.83,4381499
2024-01-11,81960.23,82347.83,82956.52,82347.83,82608.7,1808259
2024-01-12,81701.41,82434.78,83130.44,81826.09,82347.83,3148124
2024-01-15,82305.33,82608.7,83391.3,82521.74,82956.52,2424175
2024-01-16,82564.15,82347.83,83217.39,82347.83,83217.39,1370684
2024-01-17,82564.15,83130.44,83478.26,82608.7,83217.39,2378774
2024-01-18,82477.88,83217.39,83478.26,82782.61,83130.44,1872544
2024-01-19,83081.8,83478.26,84260.87,83217.39,83739.13,2460309
2024-01-22,83168.07,84173.91,84173.91,83304.35,83826.09,1405069
2024-01-23,82477.88,83565.22,83826.09,82956.52,83130.44,4785966
2024-01-24,81960.23,83304.35,83304.35,82521.74,82608.7,3064519
2024-01-25,82046.5,82695.65,83217.39,82434.78,82695.65,1727299
2024-01-26,82736.7,83043.48,83652.17,82869.56,83391.3,1690993
2024-01-29,82736.7,83391.3,83565.22,82869.56,83391.3,3307974
2024-01-30,82477.88,83391.3,83391.3,82956.52,83130.44,1467903
2024-01-31,82564.15,83130.44,83478.26,83043.48,83217.39,2684554
2024-02-01,86187.66,83391.3,86869.56,83217.39,86869.56,9456564
2024-02-02,87999.41,87130.44,88869.56,87043.48,88695.65,4425774
2024-02-05,89293.52,88695.65,90521.74,88608.7,90000.0,3702884
2024-02-06,89811.16,90086.95,91304.35,89478.26,90521.74,4155984
2024-02-07,90501.35,91043.48,91304.35,90347.83,91217.39,2789784
2024-02-15,89724.88,91478.26,91739.13,90260.87,90434.78,4019962
2024-02-16,90673.9,90434.78,91391.3,90260.87,91391.3,2711814
2024-02-19,90587.63,91739.13,93043.48,91304.35,91304.35,3413314
2024-02-20,89983.7,91478.26,91478.26,90434.78,90695.65,4466944
2024-02-21,91364.09,90434.78,92956.52,90000.0,92086.95,4491669
2024-02-22,90242.53,92086.95,92173.91,90956.52,90956.52,2606778
2024-02-23,89638.62,91739.13,92782.61,89826.09,90347.83,5931745
2024-02-26,93175.84,90347.83,93913.05,90000.0,93913.05,5719754
2024-02-27,93089.57,94347.83,95217.39,93391.3,93826.09,5171779
2024-02-28,93607.22,93913.05,94347.83,92434.78,94347.83,5811984
2024-02-29,94038.59,94086.95,95130.44,93652.17,94782.61,3420215
2024-03-01,95591.52,94956.52,96869.56,94869.56,96347.83,5705609
2024-03-04,96109.16,96521.74,97217.39,96347.83,96869.56,3635839
2024-03-05,95505.23,96869.56,96869.56,95565.22,96260.87,5475285
2024-03-06,94124.85,95652.17,96000.0,94260.87,94869.56,4257989
2024-03-07,96022.88,94869.56,99043.48,94086.95,96782.61,6037211
2024-03-08,94901.32,96782.61,97913.05,95217.39,95652.17,3887459
2024-03-11,94901.32,95652.17,98695.65,95652.17,95652.17,4695736
2024-03-12,96540.53,95652.17,98695.65,95652.17,97304.35,3596969
2024-03-13,100940.5,98086.95,101739.13,97391.3,101739.13,7282604
2024-03-14,100940.5,103043.48,103043.48,100608.7,101739.13,7147711
2024-03-15,100077.76,101565.22,101565.22,99565.22,100869.56,5393614
2024-03-18,97489.54,100695.65,100695.65,96608.7,98260.87,9080744
2024-03-19,96626.8,98260.87,98260.87,96608.7,97391.3,4673829
2024-03-20,98783.65,97652.17,100000.0,96608.7,99565.22,4444289
2024-03-21,100250.3,100173.91,101043.48,99652.17,101043.48,4874274
2024-03-22,99128.75,101130.44,101130.44,99565.22,99913.05,3280923
2024-03-25,98352.28,99217.39,100086.95,98956.52,99130.44,3452530
2024-03-26,99215.02,99130.44,100434.78,98782.61,100000.0,3576832
2024-03-27,99387.57,99739.13,100260.87,99217.39,100173.91,1687969
2024-03-28,101026.77,100782.61,102086.95,100260.87,101826.09,3282559
2024-03-29,100509.13,101217.39,101913.05,100869.56,101304.35,2983444
2024-04-01,100767.95,100869.56,102260.87,100173.91,101565.22,3730139
2024-04-02,100940.5,100347.83,101739.13,100347.83,101739.13,3157324
2024-04-03,99301.29,100956.52,101739.13,100086.95,100086.95,3306249
2024-04-04,98352.28,100000.0,100695.65,99130.44,99130.44,3369499
2024-04-05,98093.45,98347.83,99739.13,97913.05,98869.56,3266970
2024-04-08,97144.45,98869.56,98869.56,97913.05,97913.05,2244799
2024-04-09,97489.54,97913.05,98434.78,97826.09,98260.87,1647374
2024-04-10,98179.73,98695.65,100521.74,98521.74,98956.52,2279322
2024-04-11,99128.75,98695.65,100347.83,98521.74,99913.05,1866794
2024-04-12,99646.39,100782.61,100782.61,99391.3,100434.78,2141897
2024-04-15,96281.7,100434.78,100521.74,96956.52,97043.48,4932694
2024-04-16,97489.54,97391.3,98434.78,96956.52,98260.87,5201679
2024-04-17,96454.25,98347.83,98347.83,97043.48,97217.39,3447814
2024-04-19,94038.59,96086.95,96695.65,94782.61,94782.61,9028764
2024-04-22,95160.15,95652.17,96869.56,94695.65,95913.05,2880999
2024-04-23,96885.62,96434.78,98521.74,95565.22,97652.17,4868754
2024-04-24,103614.98,98782.61,104434.78,98434.78,104434.78,12587554
2024-04-25,106289.48,106521.74,111304.35,106000.0,107130.44,10597824
2024-04-26,106289.48,106956.52,109043.48,106260.87,107130.44,6960949
2024-05-02,109826.71,107652.17,112173.91,107391.3,110695.65,7921199
2024-05-03,108618.88,111391.3,111652.17,109217.39,109478.26,5365324
2024-05-06,110085.54,110000.0,110956.52,108260.87,110956.52,3156289
2024-05-07,113277.67,111304.35,114434.78,110608.7,114173.91,4455292
2024-05-08,113018.85,113130.44,113913.05,112434.78,113913.05,4398174
2024-05-09,112414.94,113565.22,115478.26,113043.48,113304.35,3497839
2024-05-10,113018.85,114173.91,114956.52,112347.83,113913.05,4794004
2024-05-13,111897.29,114173.91,114347.83,112000.0,112782.61,5014229
2024-05-14,112587.48,113043.48,114521.74,112695.65,113478.26,3624684
2024-05-15,115693.34,114347.83,116956.52,114173.91,116608.7,5425354
2024-05-16,116814.91,117913.05,119391.3,116695.65,117739.13,4650484
2024-05-17,116038.44,117739.13,118260.87,116260.87,116956.52,3506350
2024-05-20,114744.32,117565.22,118347.83,115652.17,115652.17,3615024
2024-05-21,117332.54,116521.74,118260.87,116086.95,118260.87,4837244
2024-05-22,119058.02,119913.05,121478.26,118347.83,120000.0,8202259
2024-05-23,118626.66,119565.22,119826.09,117391.3,119565.22,4334349
2024-05-24,113795.31,120000.0,120000.0,113565.22,114695.65,16254789
2024-05-27,114571.77,115652.17,116086.95,113565.22,115478.26,7039264
2024-05-28,118195.29,116521.74,119130.44,115739.13,119130.44,6232424
2024-05-29,117073.72,119217.39,120173.91,117217.39,118000.0,7023739
2024-05-30,116469.8,116347.83,117391.3,114695.65,117391.3,8396494
2024-05-31,116124.71,117391.3,118956.52,116347.83,117043.48,3101089
2024-06-03,118109.01,117391.3,119652.17,117130.44,119043.48,8939639
2024-06-04,120007.04,120869.56,121130.44,119826.09,120956.52,8107269
2024-06-05,120869.77,121739.13,126000.0,121478.26,121826.09,7293070
2024-06-06,120438.41,122000.0,123217.39,120695.65,121391.3,6016569
2024-06-07,122508.98,122608.7,123478.26,122173.91,123478.26,4573089
2024-06-10,124234.46,124782.61,126086.95,124347.83,125217.39,4341709
2024-06-11,126391.3,125478.26,127391.3,124434.78,127391.3,9681274
2024-06-12,132000.0,127900.0,132700.0,127800.0,132000.0,11215500
2024-06-13,130000.0,133700.0,133800.0,130000.0,130000.0,8676200
2024-06-14,131000.0,130100.0,132600.0,129000.0,131000.0,6607200
2024-06-17,128800.0,131000.0,131400.0,128500.0,128800.0,4867600
2024-06-18,128000.0,128800.0,129700.0,128000.0,128000.0,6936800
2024-06-19,131500.0,128000.0,132800.0,126600.0,131500.0,10269200
2024-06-20,133300.0,133000.0,135700.0,131800.0,133300.0,11060700
2024-06-21,136100.0,133900.0,136100.0,133300.0,136100.0,7653300
2024-06-24,132100.0,135000.0,135500.0,132000.0,132100.0,14390900
2024-06-25,130000.0,131000.0,131100.0,128600.0,130000.0,14050140
2024-06-26,131800.0,131000.0,131800.0,129400.0,131800.0,7221400
2024-06-27,132800.0,131300.0,134100.0,130800.0,132800.0,6527700
2024-06-28,130500.0,132800.0,132800.0,130400.0,130500.0,6633000
2024-07-01,128600.0,130400.0,130400.0,128500.0,128600.0,6454000
2024-07-02,128000.0,128600.0,132100.0,127500.0,128000.0,7560001
2024-07-03,131000.0,130500.0,132800.0,130100.0,131000.0,7884101
2024-07-04,135800.0,132100.0,135800.0,132100.0,135800.0,8117900
2024-07-05,138700.0,136100.0,139700.0,136100.0,138700.0,7809400
2024-07-08,139600.0,138500.0,139600.0,137500.0,139600.0,6105700
2024-07-09,137500.0,139100.0,139300.0,136000.0,137500.0,9696100
2024-07-10,134000.0,136000.0,137000.0,134000.0,134000.0,6337700
2024-07-11,133000.0,134100.0,135400.0,132500.0,133000.0,6882100
2024-07-12,133800.0,132200.0,136000.0,132200.0,133800.0,3590000
2024-07-15,132700.0,133500.0,134800.0,132300.0,132700.0,3067200
2024-07-16,134000.0,133600.0,134500.0,132300.0,134000.0,4352200
2024-07-17,131900.0,134000.0,134100.0,129900.0,131900.0,6970100
2024-07-18,127900.0,131400.0,131400.0,127800.0,127900.0,10825200
2024-07-19,126000.0,128600.0,129300.0,126000.0,126000.0,6576700
2024-07-22,124100.0,126000.0,126000.0,123200.0,124100.0,6216900
2024-07-23,125500.0,124900.0,127500.0,124800.0,125500.0,5411600
2024-07-24,126000.0,125500.0,126600.0,124000.0,126000.0,4171700
2024-07-25,125000.0,124200.0,125500.0,124100.0,125000.0,3248401
2024-07-26,128000.0,125900.0,128000.0,124400.0,128000.0,6683700
2024-07-29,129000.0,130000.0,130600.0,129000.0,129000.0,5009800
2024-07-30,128000.0,129000.0,129500.0,127000.0,128000.0,2423800
2024-07-31,128600.0,127300.0,128600.0,126600.0,128600.0,3092300
2024-08-01,124800.0,129600.0,129700.0,124100.0,124800.0,6870301
2024-08-02,123200.0,122100.0,124800.0,121000.0,123200.0,10157200
2024-08-05,118600.0,121100.0,122900.0,117400.0,118600.0,10415200
2024-08-06,120800.0,120000.0,121900.0,119800.0,120800.0,7021850
2024-08-07,122000.0,121000.0,122000.0,120200.0,122000.0,2822800
2024-08-08,121400.0,121600.0,122400.0,120900.0,121400.0,3227631
2024-08-09,126900.0,122400.0,126900.0,122000.0,126900.0,6011400
2024-08-12,130000.0,126900.0,130200.0,126200.0,130000.0,6775001
2024-08-13,129700.0,129700.0,130200.0,128000.0,129700.0,4362301
2024-08-14,129500.0,130700.0,131500.0,129500.0,129500.0,3822200
2024-08-15,128700.0,129100.0,129500.0,128200.0,128700.0,2305600
